Batch Number,Start Listing Date and Time (IST),Stop Listing at Date and Time (IST),Start bid price (Rs.),Initial bid cost (Tickets),Initial status check cost (Tickets),Reference ID,Category,Product Title,Description,MSRP,Base Price
1,2021-11-03 09:00:00 +0000 +0000,2021-11-04 09:00:00 +0000 +0000,1,1,1,AF 1820,Furniture & Fixtures,Barewether Single Bed,Barewether Engineered Wood Single Bed,9239,9146
1,2021-11-03 09:00:00 +0000 +0000,2021-11-04 09:00:00 +0000 +0000,1,1,1,AF 1520,Home Appliances,Luminious Inverter,LUMINOUS Zelio+ 1100/12V Pure Sine Wave Inverter,5999,5939
1,2021-11-03 09:00:00 +0000 +0000,2021-11-04 09:00:00 +0000 +0000,1,1,1,AF 1539,Home Appliances,Flipkartair Cooler,Flipkart SmartBuy 47 L Tower Air Cooler,7499,7424
1,2021-11-03 09:00:00 +0000 +0000,2021-11-04 09:00:00 +0000 +0000,1,1,1,AF 61,Computer Accessories,Transcend Hard Disk,Transcend 2.5 Inch 1 Tb External Hard Disk,5199,5147
1,2021-11-03 09:00:00 +0000 +0000,2021-11-04 09:00:00 +0000 +0000,1,1,1,AF 1690,Furniture & Fixtures,Nilkamal Coffee Table,Nilkamal Zina Wood Coffee Table,7200,7128
1,2021-11-03 09:00:00 +0000 +0000,2021-11-04 09:00:00 +0000 +0000,1,1,1,AF 755,Camera & Photography,Nikon Dslr,Nikon D5600 Dslr Camera Body With Dual Lens,5999,5939
1,2021-11-03 09:00:00 +0000 +0000,2021-11-04 09:00:00 +0000 +0000,1,1,1,AF 1808,Furniture & Fixtures,Spacewood Single Bed,SPACEWOOD Engineered Wood Single Box Bed,9116,9024
1,2021-11-03 09:00:00 +0000 +0000,2021-11-04 09:00:00 +0000 +0000,1,1,1,AF 1584,Furniture & Fixtures,Saverschoice Wardrobe,SAVERSCHOICE Brick Single Door Wardrobe,6390,6326
1,2021-11-03 09:00:00 +0000 +0000,2021-11-04 09:00:00 +0000 +0000,1,1,1,AF 1953,Home Appliances,Wolf Garten Lawn Mower,WOLF GARTEN Manual Reel Push Lawn Mower,5400,5346
2,2021-11-03 17:00:00 +0000 +0000,2021-11-04 17:00:00 +0000 +0000,1,1,1,AF 224,Home Appliances,Black Decker OTG,Black & Decker 19L Oven Toaster Grill,5995,5935
2,2021-11-03 17:00:00 +0000 +0000,2021-11-04 17:00:00 +0000 +0000,1,1,1,AF 1537,Home Appliances,Lifelong Air Cooler,Lifelong 65 L Desert Air Cooler,8971,8881
2,2021-11-03 17:00:00 +0000 +0000,2021-11-04 17:00:00 +0000 +0000,1,1,1,AF 631,Furniture & Fixtures,Plantex Shelf,Plantex Pl3)Atinum 304 Grade Stainless Steel Bathroom Mirror Cabinet 3Shelf,5299,5246
2,2021-11-03 17:00:00 +0000 +0000,2021-11-04 17:00:00 +0000 +0000,1,1,1,1123,Health Appliances,YOGA ROLLER VIBRATING,waldon vibrating yoga roller,8999,8909
2,2021-11-03 17:00:00 +0000 +0000,2021-11-04 17:00:00 +0000 +0000,1,1,1,AF 181,ACs & Coolers,Symphony Air Cooler,Symphony 31 L Room/Personal Air Cooler,8599,8513
2,2021-11-03 17:00:00 +0000 +0000,2021-11-04 17:00:00 +0000 +0000,1,1,1,AF 1949,Furniture & Fixtures,Yipi Frozen Smart/Storage Bed,Yipi Frozen Smart Box Storage Bed,7961,7881
2,2021-11-03 17:00:00 +0000 +0000,2021-11-04 17:00:00 +0000 +0000,1,1,1,AF 1952,Home Appliances,Vimal Lawn Mower,"Vimal LAWN MOWER - MANUAL 14"" 14 inch",5509,5453
2,2021-11-03 17:00:00 +0000 +0000,2021-11-04 17:00:00 +0000 +0000,1,1,1,AF 1231,Audio & Speakers,F&D F 3800X Home Theatre,F&D F 3800X 80 W Bluetooth Home Theatre,5999,5939
2,2021-11-03 17:00:00 +0000 +0000,2021-11-04 17:00:00 +0000 +0000,1,1,1,AF 1542,Home Appliances,Kenstar Air Cooler,Kenstar 35 L Room/Personal Air Cooler,5990,5930
2,2021-11-03 17:00:00 +0000 +0000,2021-11-04 17:00:00 +0000 +0000,1,1,1,AF 566,Curios & Decorations,Sagar World Painting,Sagar World Digital Reprint 36 Inch X 24 Inch Painting,6000,5940
3,2021-11-04 01:00:00 +0000 +0000,2021-11-05 01:00:00 +0000 +0000,1,1,1,AF 729,Electronics,Livato Projector,Livato Uc68 Fullhd Led Wifi Projector Portable Projector,7297,7224
3,2021-11-04 01:00:00 +0000 +0000,2021-11-05 01:00:00 +0000 +0000,1,1,1,AF 1649,Home Appliances,Whirlpool Microwave Oven,Whirlpool 20 L Convection Microwave Oven,9240,9147
3,2021-11-04 01:00:00 +0000 +0000,2021-11-05 01:00:00 +0000 +0000,1,1,1,AF 1227,Bags Travel Accessories,Philips Home Theatre,PHILIPS MMS8085B/94 Convertible 80 W Bluetooth Home Theatre,6999,6929
3,2021-11-04 01:00:00 +0000 +0000,2021-11-05 01:00:00 +0000 +0000,1,1,1,AF 1303,Audio & Speakers,Jbl Sound Bar,JBL Moviebar 80 Dolby Digital 110 W Bluetooth Soundbar,8999,8909
3,2021-11-04 01:00:00 +0000 +0000,2021-11-05 01:00:00 +0000 +0000,1,1,1,AF 314,Health & Beauty,Remington Hair Dyrer,"Remington AC8002 - Keratin Protect Dryer Hair Dryer (2200 W, Multicolor)",6995,6925
3,2021-11-04 01:00:00 +0000 +0000,2021-11-05 01:00:00 +0000 +0000,1,1,1,AF 185,ACs & Coolers,Onida Air Cooler,Onida 75 L Room/Personal Air Cooler,8199,8117
3,2021-11-04 01:00:00 +0000 +0000,2021-11-05 01:00:00 +0000 +0000,1,1,1,AF 39,Computer Accessories,Lenovo Monitor,Lenovo 21.5 Inch Full Hd Va Panel,8290,8207
3,2021-11-04 01:00:00 +0000 +0000,2021-11-05 01:00:00 +0000 +0000,1,1,1,AF 1740,Home Appliances,Carigar Grass Trimmer,CARIGAR Brush Cutter 5S BC 01| 52cc Fuel Grass Trimmer,6999,6929
3,2021-11-04 01:00:00 +0000 +0000,2021-11-05 01:00:00 +0000 +0000,1,1,1,AF 1300,Furniture & Fixtures,Suncrown Furniture Book Shelf,Suncrown Furniture Wood Open Book Shelf,9999,9899
3,2021-11-04 01:00:00 +0000 +0000,2021-11-05 01:00:00 +0000 +0000,1,1,1,AF 1831,Furniture & Fixtures,Woodness Pluto /Book Shelf,WOODNESS Pluto Engineered Wood Close Book Shelf,8197,8115
4,2021-11-04 09:00:00 +0000 +0000,2021-11-05 09:00:00 +0000 +0000,1,1,1,AF 1773,Home Appliances,Isc Wood Machine,ISC YK Router Machine Wood Working Router Machine,5999,5939
4,2021-11-04 09:00:00 +0000 +0000,2021-11-05 09:00:00 +0000 +0000,1,1,1,AF 1576,Furniture & Fixtures,Spacewood Wardrobe,"Spacewood Texas 2 Door Wardrobe (Woodpore Finish, Natural Wenge)",9645,9548
4,2021-11-04 09:00:00 +0000 +0000,2021-11-05 09:00:00 +0000 +0000,1,1,1,AF 1597,Furniture & Fixtures,Balaji Dressing Table,BALAJI FURNITURE Sheesham Wood Dressing Mirror,7499,7424
4,2021-11-04 09:00:00 +0000 +0000,2021-11-05 09:00:00 +0000 +0000,1,1,1,AF 335,Watches,Fossil Men Watch,Ch2927I Briggs Analog Watch - For Men#Justhere,5697,5640
4,2021-11-04 09:00:00 +0000 +0000,2021-11-05 09:00:00 +0000 +0000,1,1,1,AF 1470,Home Appliances,Inalsa Chimney,Inalsa 60 cm Pyramid Chimney SS Baffle Wall Mounted Chimney,5995,5935
4,2021-11-04 09:00:00 +0000 +0000,2021-11-05 09:00:00 +0000 +0000,1,1,1,1101,Health Appliances,ELECTRIC BREAST PUMP ,ELECTRIC BREAST PUMP ,8999,8909
4,2021-11-04 09:00:00 +0000 +0000,2021-11-05 09:00:00 +0000 +0000,1,1,1,AF 1783,Furniture & Fixtures,Adona Wood Study Table,Adona Utopia Extendable Student Desk-n-Chair Study Table,7999,7919
4,2021-11-04 09:00:00 +0000 +0000,2021-11-05 09:00:00 +0000 +0000,1,1,1,66,Home Furnishing,Bedsheet Set,Spring Summer Collection Pack of 7 Bedsheetts with 14 Pillow  Covers,5500,5445
4,2021-11-04 09:00:00 +0000 +0000,2021-11-05 09:00:00 +0000 +0000,1,1,1,AF 1933,Furniture & Fixtures,Crystal Furnitech Book Shelf,Crystal Furnitech Engineered Wood Close Book Shelf,7458,7383
4,2021-11-04 09:00:00 +0000 +0000,2021-11-05 09:00:00 +0000 +0000,1,1,1,AF 1977,Furniture & Fixtures,Delite Kom Glide Computer Desk,Delite Kom Glide Engineered Wood Computer Desk,9906,9806
5,2021-11-04 17:00:00 +0000 +0000,2021-11-05 17:00:00 +0000 +0000,1,1,1,AF 1973,Furniture & Fixtures,Duroflex Shuffle Study Table,duroflex Shuffle Engineered Wood Study Table,5720,5662
5,2021-11-04 17:00:00 +0000 +0000,2021-11-05 17:00:00 +0000 +0000,1,1,1,AF 1527,Home Appliances,Enphase Inverter,Enphase IQ7A IQ7A Microinverter Pure Sine Wave Inverter,8999,8909
5,2021-11-04 17:00:00 +0000 +0000,2021-11-05 17:00:00 +0000 +0000,1,1,1,AF 196,Home Appliances,Kenstar Water Geyser,Kenstar 25 L Storage Water Geyser,5499,5444
5,2021-11-04 17:00:00 +0000 +0000,2021-11-05 17:00:00 +0000 +0000,1,1,1,AF 174,Home Appliances,Kent Vaccum Cleaner,Kent Ksl-160 Bagless Dry Vacuum Cleaner,5999,5939
5,2021-11-04 17:00:00 +0000 +0000,2021-11-05 17:00:00 +0000 +0000,1,1,1,AF 1817,Furniture & Fixtures,Hometown Ria Engineered Bed,Hometown Ria Engineered Wood Single Box Bed,9987,9887
5,2021-11-04 17:00:00 +0000 +0000,2021-11-05 17:00:00 +0000 +0000,1,1,1,AF 1031,Sports / Games & Toys,Evoke Ojas Exercise Bike,Evoke Ojas -110 Exercise Cycle with Moving Handles for Home Gym at Home,6499,6434
5,2021-11-04 17:00:00 +0000 +0000,2021-11-05 17:00:00 +0000 +0000,1,1,1,AF 707,Home Appliances,Pureit Air Purifier,Pureit H101 Portable Room Air Purifier,7099,7028
5,2021-11-04 17:00:00 +0000 +0000,2021-11-05 17:00:00 +0000 +0000,1,1,1,AF 1024,Sports / Games & Toys,Sparnod Exercise Bike,Sparnod Fitness SAB-05 Air Bike Exercise Cycle for Home Gym,8332,8248
5,2021-11-04 17:00:00 +0000 +0000,2021-11-05 17:00:00 +0000 +0000,1,1,1,35,Home Furnishing,Bedsheet Combo Set,Pastel collection: 5 Cotton bed sheet + 10 pillow covers + 5 cushion covers,5200,5148
5,2021-11-04 17:00:00 +0000 +0000,2021-11-05 17:00:00 +0000 +0000,1,1,1,457,Electronics & Appliances,ELECTRIC BREAST PUMP,ELECTRIC BREAST PUMP (Gold & Pink)    ,8999,8909
6,2021-11-05 01:00:00 +0000 +0000,2021-11-06 01:00:00 +0000 +0000,1,1,1,AF 702,Home Appliances,Carrier Air Purifier,Carrier Ap2006 Portable Room Air Purifier,9990,9890
6,2021-11-05 01:00:00 +0000 +0000,2021-11-06 01:00:00 +0000 +0000,1,1,1,AF 1795,Furniture & Fixtures,Luvlap Wooden Cot,LuvLap C-10 Baby Wooden Cot,8999,8909
6,2021-11-05 01:00:00 +0000 +0000,2021-11-06 01:00:00 +0000 +0000,1,1,1,AF 1547,Home Appliances,Voltas Air Cooler,Voltas 54 L Window Air Cooler,7950,7870
6,2021-11-05 01:00:00 +0000 +0000,2021-11-06 01:00:00 +0000 +0000,1,1,1,AF 701,Home Appliances,Eureka Air Purifier,Eureka Forbes Aeroguard Breeze Portable Room Air Purifier,6999,6929
6,2021-11-05 01:00:00 +0000 +0000,2021-11-06 01:00:00 +0000 +0000,1,1,1,AF 59,Computer Accessories,Seagate Hard Disk,Seagate Ultra 2 Tb External Hard Drive,5599,5543
6,2021-11-05 01:00:00 +0000 +0000,2021-11-06 01:00:00 +0000 +0000,1,1,1,AF 1208,Home Appliances,Innofur Computer Desk,InnoFur Trapezi Beige Engineered Wood Computer Desk (Modular),5999,5939
6,2021-11-05 01:00:00 +0000 +0000,2021-11-06 01:00:00 +0000 +0000,1,1,1,AF 1853,Home Appliances,Corvids Ladder,Corvids 13-steps Aluminium Ladder (With Platform),9998,9898
6,2021-11-05 01:00:00 +0000 +0000,2021-11-06 01:00:00 +0000 +0000,1,1,1,AF 1947,Home Appliances,Gch Lawn Mower,GCH Falcon Easy-38 Falcon easy 38 Manual Push Lawn Mower,5399,5345
6,2021-11-05 01:00:00 +0000 +0000,2021-11-06 01:00:00 +0000 +0000,1,1,1,AF 1765,Home Appliances,Torpedo Sprayer,Torpedo TMGF2L 2 L Hand Held Sprayer,8000,7920
6,2021-11-05 01:00:00 +0000 +0000,2021-11-06 01:00:00 +0000 +0000,1,1,1,AF 1861,Home Appliances,Equal Ladder,Equal Aluminium Ladder (Hand Rail),8999,8909
7,2021-11-05 09:00:00 +0000 +0000,2021-11-06 09:00:00 +0000 +0000,1,1,1,AF 693,Computer Accessories,Hyperx Alloy Gaming Keyboard,Hyperx Alloy Origins Core - Tenkeyless Mechanical Gaming Keyboard,8990,8900
7,2021-11-05 09:00:00 +0000 +0000,2021-11-06 09:00:00 +0000 +0000,1,1,1,AF 1054,Furniture & Fixtures,Sekar Lifestyle Sofa,Sekar Lifestyle Home & Office Series Leatherette Sofa,6000,5940
7,2021-11-05 09:00:00 +0000 +0000,2021-11-06 09:00:00 +0000 +0000,1,1,1,AF 1206,Home Appliances,Krijen Study Table,KRIJEN Duet Folding Space Saver Wood Study Table,8000,7920
7,2021-11-05 09:00:00 +0000 +0000,2021-11-06 09:00:00 +0000 +0000,1,1,1,AF 193,Home Appliances,Cropmton Water Geyser,Cropmton 25 L Storage Water Geyser,5799,5741
7,2021-11-05 09:00:00 +0000 +0000,2021-11-06 09:00:00 +0000 +0000,1,1,1,AF 1205,Home Appliances,4Homez Office/Study Table,4Homez Multipurpose Study/Office Table,5999,5939
7,2021-11-05 09:00:00 +0000 +0000,2021-11-06 09:00:00 +0000 +0000,1,1,1,AF 723,Electronics,Nishica Projector,Nishica Uc68 Pro Fullhd Led Projector 115Inch Portable Projector,6995,6925
7,2021-11-05 09:00:00 +0000 +0000,2021-11-06 09:00:00 +0000 +0000,1,1,1,AF 182,ACs & Coolers,Bajaj Air Cooler,Bajaj 54 L Desert Air Cooler,8999,8909
7,2021-11-05 09:00:00 +0000 +0000,2021-11-06 09:00:00 +0000 +0000,1,1,1,AF 882,Curios & Decorations,Jugeoal Stake,Juegoal 28 Inch Butterfly Garden Stake Decor,5418,5363
7,2021-11-05 09:00:00 +0000 +0000,2021-11-06 09:00:00 +0000 +0000,1,1,1,AF 1916,Home Appliances,Kalco Ladder,KALCO Model No.K-7016 Aluminium Ladder (With Platform),5600,5544
7,2021-11-05 09:00:00 +0000 +0000,2021-11-06 09:00:00 +0000 +0000,1,1,1,AF 22,Computer Accessories,Lenovo Hardisk,Lenovo F309 Usb3.0 1Tb External Hard Disk,6700,6633
8,2021-11-05 17:00:00 +0000 +0000,2021-11-06 17:00:00 +0000 +0000,1,1,1,AF 1755,Home Appliances,Shori Fogger,SHoRI TORPEDO SUPER FOGGER 2 L Hand Held Sprayer,7800,7722
8,2021-11-05 17:00:00 +0000 +0000,2021-11-06 17:00:00 +0000 +0000,1,1,1,760,Electronics & Appliances,FETAL DOPPLER,FETAL DOPPLER    ,6999,6929
8,2021-11-05 17:00:00 +0000 +0000,2021-11-06 17:00:00 +0000 +0000,1,1,1,AF 705,Electronics,Rodex Projector,"Rodex Uc40 Has Hdmi, Av, Usb Ports Projector",5999,5939
8,2021-11-05 17:00:00 +0000 +0000,2021-11-06 17:00:00 +0000 +0000,1,1,1,AF 290,Home Appliances,Bajaj Juicer,"Bajaj  Majesty 400 W Juicer (1 Jar, Black)",6640,6573
8,2021-11-05 17:00:00 +0000 +0000,2021-11-06 17:00:00 +0000 +0000,1,1,1,AF 775,Camera & Photography,Moza Mini Gimbal,Moza Mini Mx 3 Axis Gimbal,7350,7276
8,2021-11-05 17:00:00 +0000 +0000,2021-11-06 17:00:00 +0000 +0000,1,1,1,AF 1579,Furniture & Fixtures,Hudson Wardrobe,"Hudson's Wardrobe with Mirror, Drawers & Double Doors",8790,8702
8,2021-11-05 17:00:00 +0000 +0000,2021-11-06 17:00:00 +0000 +0000,1,1,1,AF 700,Home Appliances,Havells Air Purifier,Havells Ap20 Portable Room Air Purifier,7858,7779
8,2021-11-05 17:00:00 +0000 +0000,2021-11-06 17:00:00 +0000 +0000,1,1,1,AF 1193,Home Appliances,Vivan Interio Office Chair,VIVAN INTERIO Bonded Leather Office Executive Chair,8999,8909
8,2021-11-05 17:00:00 +0000 +0000,2021-11-06 17:00:00 +0000 +0000,1,1,1,AF 183,ACs & Coolers,Havells Air Cooler,Havells 18 L Room/Personal Air Cooler,5799,5741
8,2021-11-05 17:00:00 +0000 +0000,2021-11-06 17:00:00 +0000 +0000,1,1,1,AF 266,Bags Travel Accessories,Brand Leather,Large 35L Laptop Backpack 100% Genuine Leather,5699,5642
9,2021-11-06 01:00:00 +0000 +0000,2021-11-07 01:00:00 +0000 +0000,1,1,1,AF 411,Curios & Decorations,Rythm Wall Clock,Rhythm Analog Gold Clock,7275,7202
9,2021-11-06 01:00:00 +0000 +0000,2021-11-07 01:00:00 +0000 +0000,1,1,1,AF 1255,Furniture & Fixtures,Home Full Shoe Rack,Home Full Wood Shoe Rack,8599,8513
9,2021-11-06 01:00:00 +0000 +0000,2021-11-07 01:00:00 +0000 +0000,1,1,1,AF 808,Camera & Photography,Canon Camera Lens,Canon Ef 50 Mm F/1.8 Stm Lens,8961,8871
9,2021-11-06 01:00:00 +0000 +0000,2021-11-07 01:00:00 +0000 +0000,1,1,1,AF 1971,Furniture & Fixtures,Duroflex Switch/Study Table,Duroflex Switch Engineered Wood Study Table,7800,7722
9,2021-11-06 01:00:00 +0000 +0000,2021-11-07 01:00:00 +0000 +0000,1,1,1,AF 82,Home Appliances,Butterfly Grinder,Butterfly Rapid 4 Jar 750 Watts 750 W Juicer Mixer Grinder,5499,5444
9,2021-11-06 01:00:00 +0000 +0000,2021-11-07 01:00:00 +0000 +0000,1,1,1,AF 1029,Sports / Games & Toys,Powermax Exercise Bike,PowerMax Fitness BU-200 Exercise Upright Bike for Home Gym,5599,5543
9,2021-11-06 01:00:00 +0000 +0000,2021-11-07 01:00:00 +0000 +0000,1,1,1,AF 1034,Sports / Games & Toys,Lifeline Treadmill,Lifeline LYSN5213 Manual Treadmill,9700,9603
9,2021-11-06 01:00:00 +0000 +0000,2021-11-07 01:00:00 +0000 +0000,1,1,1,AF 1771,Home Appliances,Animex Chainsw,Aimex DT-751 Heavy Duty Gasoline Chainsaw Fuel Chainsaw,7499,7424
9,2021-11-06 01:00:00 +0000 +0000,2021-11-07 01:00:00 +0000 +0000,1,1,1,AF 1525,Home Appliances,Amaron Inverter,amaron 880va Pure Sine Wave Inverter,5300,5247
9,2021-11-06 01:00:00 +0000 +0000,2021-11-07 01:00:00 +0000 +0000,1,1,1,AF 1744,Home Appliances,Sauran Fuel Grass Trimmer,Sauran 52cc Petrol Brush Cutter heavy duty Fuel Grass Trimmer,8991,8901
10,2021-11-06 09:00:00 +0000 +0000,2021-11-07 09:00:00 +0000 +0000,1,1,1,AF 1594,Furniture & Fixtures,Spacewood Dressing Table,Spacewood Value Dressing Table (Natural Wenge),6861,6792
10,2021-11-06 09:00:00 +0000 +0000,2021-11-07 09:00:00 +0000 +0000,1,1,1,AF 318,Health & Beauty,Gammapiu Hair Dryer,"Gammapiu Relax Power Relax Power Hair Dryer (2000 W, Black)",6999,6929
10,2021-11-06 09:00:00 +0000 +0000,2021-11-07 09:00:00 +0000 +0000,1,1,1,AF 1531,Home Appliances,Hindware Air Cooler,Hindware 85 L Desert Air Cooler,9523,9427
10,2021-11-06 09:00:00 +0000 +0000,2021-11-07 09:00:00 +0000 +0000,1,1,1,AF 685,Home Appliances,Philips Air Purifier,Philips AC0817 Portable Room Air Purifier,5999,5939
10,2021-11-06 09:00:00 +0000 +0000,2021-11-07 09:00:00 +0000 +0000,1,1,1,AF 725,Home Appliances,Kent Air Purifier,Kent Ozone Wall Air Purifier,5820,5761
10,2021-11-06 09:00:00 +0000 +0000,2021-11-07 09:00:00 +0000 +0000,1,1,1,AF 1475,Home Appliances,Pigeon Chimney,Pigeon 12415 Wall Mounted Chimney,9308,9214
10,2021-11-06 09:00:00 +0000 +0000,2021-11-07 09:00:00 +0000 +0000,1,1,1,AF 1583,Furniture & Fixtures,Casagroves Wardrobe,Casagroves Insignia 2 Door Wardrobe,8499,8414
10,2021-11-06 09:00:00 +0000 +0000,2021-11-07 09:00:00 +0000 +0000,1,1,1,1122,Health Appliances,YOGA ROLLER VIBRATING,waldon vibrating yoga roller,8999,8909
10,2021-11-06 09:00:00 +0000 +0000,2021-11-07 09:00:00 +0000 +0000,1,1,1,AF 1600,Furniture & Fixtures,Induscraft Dressing Mirror,induscraft standard dressing mirror,6800,6732
10,2021-11-06 09:00:00 +0000 +0000,2021-11-07 09:00:00 +0000 +0000,1,1,1,AF 698,Home Appliances,Voltas Air Purifier,Voltas Vap26Two Portable Room Air Purifier,8450,8365
11,2021-11-06 17:00:00 +0000 +0000,2021-11-07 17:00:00 +0000 +0000,1,1,1,AF 1460,Home Appliances,Kaff Elf Chimney,Kaff ELF DHC 60 Auto Clean Wall Mounted Chimney,8799,8711
11,2021-11-06 17:00:00 +0000 +0000,2021-11-07 17:00:00 +0000 +0000,1,1,1,AF 1450,Home Appliances,Wirlpool Chimney,Whirlpool CG 601 HAC HOOD Wall Mounted Chimney,9999,9899
11,2021-11-06 17:00:00 +0000 +0000,2021-11-07 17:00:00 +0000 +0000,1,1,1,AF 590,Electronics,Ibs Projector,Ibs T20 1500 Lcd Mini Projector,7219,7146
11,2021-11-06 17:00:00 +0000 +0000,2021-11-07 17:00:00 +0000 +0000,1,1,1,AF 1233,Audio & Speakers,Infinity Home Theatre,INFINITY by Harman Hardrock Bluetooth Home Theatre,8499,8414
11,2021-11-06 17:00:00 +0000 +0000,2021-11-07 17:00:00 +0000 +0000,1,1,1,AF 1761,Home Appliances,Eagrocare Sprayer,Eagrocare EAC-767HB-4S 25 L Backpack Sprayer (Pack of 1),9999,9899
11,2021-11-06 17:00:00 +0000 +0000,2021-11-07 17:00:00 +0000 +0000,1,1,1,AF 1712,Furniture & Fixtures,Royal Living Room Chair,ROYAL BHARAT Solid Wood Living Room Chair,5000,4950
11,2021-11-06 17:00:00 +0000 +0000,2021-11-07 17:00:00 +0000 +0000,1,1,1,AF 116,Audio & Speakers,Jbl Speaker,Jbl Flip 3 Stealth Edition,7999,7919
11,2021-11-06 17:00:00 +0000 +0000,2021-11-07 17:00:00 +0000 +0000,1,1,1,AF 699,Home Appliances,Toshiba Air Purifier,Toshiba Caf-W48Xin Portable Room Air Purifier,8399,8315
11,2021-11-06 17:00:00 +0000 +0000,2021-11-07 17:00:00 +0000 +0000,1,1,1,AF 1279,Furniture & Fixtures,Home Full Cabinet,Home Full Wood Cabinet,7699,7622
11,2021-11-06 17:00:00 +0000 +0000,2021-11-07 17:00:00 +0000 +0000,1,1,1,AF 1865,Home Appliances,Grazia Ladder,Grazia Aluminium Ladder (With Platform),5985,5925
12,2021-11-07 01:00:00 +0000 +0000,2021-11-08 01:00:00 +0000 +0000,1,1,1,37,Home Furnishing,Bedsheet Combo Set,own your pastels 5 cotton bed sheet + 10 pillow covers + 1 bedsheet free,5500,5445
12,2021-11-07 01:00:00 +0000 +0000,2021-11-08 01:00:00 +0000 +0000,1,1,1,AF 1990,Furniture & Fixtures,4Homez /Kids Study Table,4Homez Multipurpose Kids Study Table,6299,6236
12,2021-11-07 01:00:00 +0000 +0000,2021-11-08 01:00:00 +0000 +0000,1,1,1,AF 1945,Home Appliances,Incgo Lawn Mower,INGCO 1600W Electric Lawn Mower,8899,8810
12,2021-11-07 01:00:00 +0000 +0000,2021-11-08 01:00:00 +0000 +0000,1,1,1,AF 1976,Furniture & Fixtures,Hometown /Study Table,Hometown Engineered Wood Study Table,7425,7350
12,2021-11-07 01:00:00 +0000 +0000,2021-11-08 01:00:00 +0000 +0000,1,1,1,AF 1858,Furniture & Fixtures,Barewether Flash/ Tudy Table,Barewether Flash Engineered Wood Study Table,6259,6196
12,2021-11-07 01:00:00 +0000 +0000,2021-11-08 01:00:00 +0000 +0000,1,1,1,AF 168,Audio & Speakers,Boat Bluetooth Soundbaar,"Boat Aavante Bar 1200 80 W Bluetooth Soundbar (Premium Black, 2.1 Channel)",6299,6236
12,2021-11-07 01:00:00 +0000 +0000,2021-11-08 01:00:00 +0000 +0000,1,1,1,AF 1777,Home Appliances,Digital Craft Planer,Digital Craft Powerful Electric Wood Hand Planer,5999,5939
12,2021-11-07 01:00:00 +0000 +0000,2021-11-08 01:00:00 +0000 +0000,1,1,1,AF 790,Camera & Photography,Fujifilm Instant Camera,Fujifilm Instax Mini 11 Special Gift Box Instant Camera,5699,5642
12,2021-11-07 01:00:00 +0000 +0000,2021-11-08 01:00:00 +0000 +0000,1,1,1,38,Home Furnishing,Bedsheet Set,Classic D?cor pack of 7 bed sheet with 14 pillow covers,5500,5445
12,2021-11-07 01:00:00 +0000 +0000,2021-11-08 01:00:00 +0000 +0000,1,1,1,AF 1204,Home Appliances,Crystal Computer Desk,Crystal Furnitech Alanta Engineered Wood Computer Desk (Straight),6969,6899
13,2021-11-07 09:00:00 +0000 +0000,2021-11-08 09:00:00 +0000 +0000,1,1,1,AF 1191,Home Appliances,Da Urban Office Chair,Da URBAN XCESS High Back Fabric Office Executive Chair,9698,9601
13,2021-11-07 09:00:00 +0000 +0000,2021-11-08 09:00:00 +0000 +0000,1,1,1,AF 1038,Sports / Games & Toys,Kamachi Treadmill,Kamachi Manual Treadmill-101,9900,9801
13,2021-11-07 09:00:00 +0000 +0000,2021-11-08 09:00:00 +0000 +0000,1,1,1,AF 883,Curios & Decorations,Bits And Pieces Hanger,Bits And Pieces - Elf Out The Door Tree Hugger,8369,8285
13,2021-11-07 09:00:00 +0000 +0000,2021-11-08 09:00:00 +0000 +0000,1,1,1,AF 776,Camera & Photography,Kodak Gimbal,Kodak Xd1 Smartphone Gimbal 3 Axis Gimbal,7386,7312
13,2021-11-07 09:00:00 +0000 +0000,2021-11-08 09:00:00 +0000 +0000,1,1,1,AF 1296,Furniture & Fixtures,Royaloak Book Shelf,RoyalOak Engineered Wood Semi-Open Book Shelf,9000,8910
13,2021-11-07 09:00:00 +0000 +0000,2021-11-08 09:00:00 +0000 +0000,1,1,1,AF 86,Computer Accessories,Samsung Hard Disk,Samsung 500 GB Solid State Drive,8000,7920
13,2021-11-07 09:00:00 +0000 +0000,2021-11-08 09:00:00 +0000 +0000,1,1,1,AF 1023,Sports / Games & Toys,Reach Exercise Bike,Reach Exercise Cycle With Moving Handles & Adjustable Cushioned Seat,6999,6929
13,2021-11-07 09:00:00 +0000 +0000,2021-11-08 09:00:00 +0000 +0000,1,1,1,AF 1239,Audio & Speakers,Creative Soundbar,CREATIVE Stage 160 W Bluetooth Soundbar,6127,6065
13,2021-11-07 09:00:00 +0000 +0000,2021-11-08 09:00:00 +0000 +0000,1,1,1,AF 777,Camera & Photography,Immutable Gimbal,Immutable 3 Axis Handheld Smartphone Gimbal Stabilizer,6174,6112
13,2021-11-07 09:00:00 +0000 +0000,2021-11-08 09:00:00 +0000 +0000,1,1,1,AF 1240,Audio & Speakers,Marq Soundbar,MarQ By 120 W Bluetooth Soundbar,6499,6434
14,2021-11-07 17:00:00 +0000 +0000,2021-11-08 17:00:00 +0000 +0000,1,1,1,AF 789,Camera & Photography,Campark ACtion Camera,Campark X15 X15 Touch Screen Sports & ACtion Camera,6995,6925
14,2021-11-07 17:00:00 +0000 +0000,2021-11-08 17:00:00 +0000 +0000,1,1,1,AF 139,Audio & Speakers,LG Home Theatre,LG Sj3 2.1Ch 300W Sound Bar,9777,9679
14,2021-11-07 17:00:00 +0000 +0000,2021-11-08 17:00:00 +0000 +0000,1,1,1,AF 221,Home Appliances,Borosil OTG,Borosil 42L Oven Toaster Grill,8589,8503
14,2021-11-07 17:00:00 +0000 +0000,2021-11-08 17:00:00 +0000 +0000,1,1,1,AF 792,Camera & Photography,Godox Gimbal,Godox Zp1 3 Axis Gimbal,6999,6929
14,2021-11-07 17:00:00 +0000 +0000,2021-11-08 17:00:00 +0000 +0000,1,1,1,AF 691,Home Appliances,Honeywell Air Purifier,Honeywell Hac25M1201G Portable Room Air Purifier,8999,8909
14,2021-11-07 17:00:00 +0000 +0000,2021-11-08 17:00:00 +0000 +0000,1,1,1,AF 1195,Home Appliances,Aaron Fabric Study Chair,Aaron mesh6 Fabric Study Arm Chair,7500,7425
14,2021-11-07 17:00:00 +0000 +0000,2021-11-08 17:00:00 +0000 +0000,1,1,1,250,Home Furnishing,Bedsheets,Xtromac New Shape Pack of 8 Double Bedsheet + 16 PCs + Free 5 N95 Masks,5999,5939
14,2021-11-07 17:00:00 +0000 +0000,2021-11-08 17:00:00 +0000 +0000,1,1,1,AF 1360,Health & Beauty,Palladio Bronzer,"Palladio Beauty Matte Bronzer, Nude Beach, 10 Gr (Nude Beach)",7999,7919
14,2021-11-07 17:00:00 +0000 +0000,2021-11-08 17:00:00 +0000 +0000,1,1,1,AF 1720,Furniture & Fixtures,Furlay Manual Recliner,furlay Recliner Chair Fabric Manual Recliner,5999,5939
14,2021-11-07 17:00:00 +0000 +0000,2021-11-08 17:00:00 +0000 +0000,1,1,1,AF 1652,Home Appliances,Godrej Microwave Oven,Godrej 19 L Convection Microwave Oven,7990,7910
15,2021-11-08 01:00:00 +0000 +0000,2021-11-09 01:00:00 +0000 +0000,1,1,1,AF 1242,Audio & Speakers,Zebronics Soundbar,ZEBRONICS 80 W Bluetooth Soundbar,5999,5939
15,2021-11-08 01:00:00 +0000 +0000,2021-11-09 01:00:00 +0000 +0000,1,1,1,AF 1979,Furniture & Fixtures,4Homez Multipurpos/Study Table,4Homez Multipurpose Study/Office Table,7199,7127
15,2021-11-08 01:00:00 +0000 +0000,2021-11-09 01:00:00 +0000 +0000,1,1,1,AF 190,Home Appliances,V Guard Zenora Purifier,V-Guard Zenora Ro+Uf+Mb 7 L Ro + Uf + Mb Water Purifier,8919,8829
15,2021-11-08 01:00:00 +0000 +0000,2021-11-09 01:00:00 +0000 +0000,1,1,1,AF 1694,Furniture & Fixtures,Supreme Coffee Table,Supreme Plastic Coffee Table,6000,5940
15,2021-11-08 01:00:00 +0000 +0000,2021-11-09 01:00:00 +0000 +0000,1,1,1,AF 1462,Home Appliances,Inalsa Chimney,Inalsa Kwid 60 BKBF Wall Mounted Chimney,7490,7415
15,2021-11-08 01:00:00 +0000 +0000,2021-11-09 01:00:00 +0000 +0000,1,1,1,AF 1260,Furniture & Fixtures,Meded Shoe Rack,MEDED Wall Shoe Rack,8120,8038
15,2021-11-08 01:00:00 +0000 +0000,2021-11-09 01:00:00 +0000 +0000,1,1,1,AF 1185,Home Appliances,Vj Interior Office Chair,VJ Interior Leatherette Office Arm Chair,9450,9355
15,2021-11-08 01:00:00 +0000 +0000,2021-11-09 01:00:00 +0000 +0000,1,1,1,AF 1465,Home Appliances,Surya Chimney,SURYA Ex 1050 Disco Auto Clean Wall Mounted Chimney,8949,8859
15,2021-11-08 01:00:00 +0000 +0000,2021-11-09 01:00:00 +0000 +0000,1,1,1,AF 186,Home Appliances,Pureit Purifier,Pureit By Hul Mineral Ro Uv Mf Mp Water Purifier,9499,9404
15,2021-11-08 01:00:00 +0000 +0000,2021-11-09 01:00:00 +0000 +0000,1,1,1,AF 1887,Furniture & Fixtures,Nuluv Baby/Rocker Stroller,"Nuluv Baby Stroller Cum Rocker Stroller Cum Rocker (3, Grey)",5099,5048
16,2021-11-08 09:00:00 +0000 +0000,2021-11-09 09:00:00 +0000 +0000,1,1,1,AF 1546,Home Appliances,Onida Air Cooler,Onida 75 L Room/Personal Air Cooler,8855,8766
16,2021-11-08 09:00:00 +0000 +0000,2021-11-09 09:00:00 +0000 +0000,1,1,1,AF 889,Furniture & Fixtures,Solar Deck Lights,"Solar Deck Lights, Led Outdoor Garden Decorative Wall Mount Fence",7298,7225
16,2021-11-08 09:00:00 +0000 +0000,2021-11-09 09:00:00 +0000 +0000,1,1,1,AF 54,Computer Accessories,Acer Monitor,Acer 19.5 Inch Hd Led Backlit Tn Panel,6599,6533
16,2021-11-08 09:00:00 +0000 +0000,2021-11-09 09:00:00 +0000 +0000,1,1,1,AF 731,Home Appliances,Nasaka Air Purifier,Nasaka Zest Portable Room Air Purifier,9999,9899
16,2021-11-08 09:00:00 +0000 +0000,2021-11-09 09:00:00 +0000 +0000,1,1,1,776,Electronics & Appliances,YOGA ROLLER VIBRATING,YOGA ROLLER VIBRATING (WAVE PATTERN)    ,8999,8909
16,2021-11-08 09:00:00 +0000 +0000,2021-11-09 09:00:00 +0000 +0000,1,1,1,AF 877,Curios & Decorations,La Jolie Muse Statue,La Jolie Muse Garden Statue Outdoor  Figurines Turtles On A Log,6950,6880
16,2021-11-08 09:00:00 +0000 +0000,2021-11-09 09:00:00 +0000 +0000,1,1,1,AF 1781,Home Appliances,Isc Tile Cutter,ISC Groove steel concrete tile cutter,9999,9899
16,2021-11-08 09:00:00 +0000 +0000,2021-11-09 09:00:00 +0000 +0000,1,1,1,AF 1700,Furniture & Fixtures,Forzza Coffee Table,Forzza Wood Coffee Table,6999,6929
16,2021-11-08 09:00:00 +0000 +0000,2021-11-09 09:00:00 +0000 +0000,1,1,1,AF 1213,Home Appliances,Featherlite Office Table,Featherlite Flip foldable Wood Office Table,9265,9172
16,2021-11-08 09:00:00 +0000 +0000,2021-11-09 09:00:00 +0000 +0000,1,1,1,AF 1540,Home Appliances,Maharaja Air Cooler,MAHARAJA WHITELINE 65 L Desert Air Cooler,8199,8117
17,2021-11-08 17:00:00 +0000 +0000,2021-11-09 17:00:00 +0000 +0000,1,1,1,AF 1961,Furniture & Fixtures,Sleepx Foam Mattress,SleepX Medium Soft 6 inch Foam Mattress,8529,8443
17,2021-11-08 17:00:00 +0000 +0000,2021-11-09 17:00:00 +0000 +0000,1,1,1,AF 717,Home Appliances,Agaro Air Purifier,Agaro Purewave Room Air Purifier,7999,7919
17,2021-11-08 17:00:00 +0000 +0000,2021-11-09 17:00:00 +0000 +0000,1,1,1,AF 888,Furniture & Fixtures,Magfit Lights,Maggift 8 Pcs Solar Powered Led Garden Lights,5978,5918
17,2021-11-08 17:00:00 +0000 +0000,2021-11-09 17:00:00 +0000 +0000,1,1,1,AF 782,Camera & Photography,Sjcam Gimbal,Sjcam Sj-Gimbal 2 3 Axis Gimbal,7938,7858
17,2021-11-08 17:00:00 +0000 +0000,2021-11-09 17:00:00 +0000 +0000,1,1,1,AF 475,Computer Accessories,Xerox Printer,Xerox 3020V_Bio Single Function Wifi Monochrome Printer,8199,8117
17,2021-11-08 17:00:00 +0000 +0000,2021-11-09 17:00:00 +0000 +0000,1,1,1,AF 876,Curios & Decorations,Design Statue,Design Toscano Bandit The Raccoon Garden Animal Statute,5525,5469
17,2021-11-08 17:00:00 +0000 +0000,2021-11-09 17:00:00 +0000 +0000,1,1,1,AF 1528,Home Appliances,Exide Inverter,EXIDE MAGIC825 Magic825 Square Wave Inverter,5750,5692
17,2021-11-08 17:00:00 +0000 +0000,2021-11-09 17:00:00 +0000 +0000,1,1,1,AF 99,Audio & Speakers,Skullcandy Earphones,Skullcandy Spoke Bluetooth Headset,7999,7919
17,2021-11-08 17:00:00 +0000 +0000,2021-11-09 17:00:00 +0000 +0000,1,1,1,AF 1796,Furniture & Fixtures,Mee Mee Baby Wooden Cot,Mee Mee Baby Wooden Cot (Large - Wooden),8499,8414
17,2021-11-08 17:00:00 +0000 +0000,2021-11-09 17:00:00 +0000 +0000,1,1,1,AF 1241,Audio & Speakers,Samsung Soundbar,SAMSUNG Wireless Subwoofer 200 W Bluetooth Soundbar,8499,8414
18,2021-11-09 01:00:00 +0000 +0000,2021-11-10 01:00:00 +0000 +0000,1,1,1,AF 217,Home Appliances,Philips OTG,Philips 25L Oven Toaster Grill,7099,7028
18,2021-11-09 01:00:00 +0000 +0000,2021-11-10 01:00:00 +0000 +0000,1,1,1,AF 509,Electronics,Unilink Projector,Unilink Unic Uc46 Portable Projector,5999,5939
18,2021-11-09 01:00:00 +0000 +0000,2021-11-10 01:00:00 +0000 +0000,1,1,1,AF 169,Audio & Speakers,Jbl Bluetooth Speakers,Jbl Flip Essential Ipx7 Waterproof 16 W Bluetooth Speaker,5499,5444
18,2021-11-09 01:00:00 +0000 +0000,2021-11-10 01:00:00 +0000 +0000,1,1,1,AF 1216,Home Appliances,Delite Kom Computer Desk,Delite Kom Wood Computer Desk,8159,8077
18,2021-11-09 01:00:00 +0000 +0000,2021-11-10 01:00:00 +0000 +0000,1,1,1,AF 1703,Furniture & Fixtures,D Obair Coffee Table,D Obair Mango Wood Modern Round Coffee Table,7500,7425
18,2021-11-09 01:00:00 +0000 +0000,2021-11-10 01:00:00 +0000 +0000,1,1,1,AF 1277,Furniture & Fixtures,The Collectori Drawers,The Collectori Wood Drawers,8000,7920
18,2021-11-09 01:00:00 +0000 +0000,2021-11-10 01:00:00 +0000 +0000,1,1,1,AF 1826,Furniture & Fixtures,Furniturekraft Osaka /Kid Bed,FurnitureKraft Osaka Metal Single Bed (Finish Color - Black),5499,5444
18,2021-11-09 01:00:00 +0000 +0000,2021-11-10 01:00:00 +0000 +0000,1,1,1,AF 1211,Home Appliances,Woodware Study Table,Woodware vego Wood Study Table,5200,5148
18,2021-11-09 01:00:00 +0000 +0000,2021-11-10 01:00:00 +0000 +0000,1,1,1,AF 711,Home Appliances,Checksure Air Purifier,Checksure Home Air Purifier + Air Sterilizer And Uv-C Light Air Purifier,5999,5939
18,2021-11-09 01:00:00 +0000 +0000,2021-11-10 01:00:00 +0000 +0000,1,1,1,AF 1749,Home Appliances,Sharpex Potmover,Sharpex POTMOVER Garden Tool Kit (1 Tools),5249,5196
19,2021-11-09 09:00:00 +0000 +0000,2021-11-10 09:00:00 +0000 +0000,1,1,1,AF 1278,Furniture & Fixtures,Nilkamal Standing Cabinet,Nilkamal Cabinet,5500,5445
19,2021-11-09 09:00:00 +0000 +0000,2021-11-10 09:00:00 +0000 +0000,1,1,1,AF 1237,Audio & Speakers,Boat Soundbar,boAt Aavante Bar 2000 160 W Bluetooth Soundbar,8999,8909
19,2021-11-09 09:00:00 +0000 +0000,2021-11-10 09:00:00 +0000 +0000,1,1,1,AF 103,Audio & Speakers,Boat Speaker,Boat Stone 1400 Mini 18 W,6990,6920
19,2021-11-09 09:00:00 +0000 +0000,2021-11-10 09:00:00 +0000 +0000,1,1,1,AF 784,Camera & Photography,Mirfak Gimbal,Mirfak Mv0 Single Gimbal,7950,7870
19,2021-11-09 09:00:00 +0000 +0000,2021-11-10 09:00:00 +0000 +0000,1,1,1,AF 1895,Furniture & Fixtures,Cello Plastic Cupboard,Cello Plastic Cupboard (Finish Color - Pink),5453,5398
19,2021-11-09 09:00:00 +0000 +0000,2021-11-10 09:00:00 +0000 +0000,1,1,1,AF 391,Furniture & Fixtures,Finkie Wall Lamp,Finike Wallchiere Wall Lamp,5500,5445
19,2021-11-09 09:00:00 +0000 +0000,2021-11-10 09:00:00 +0000 +0000,1,1,1,AF 1449,Home Appliances,Faber Hood Chimney,Faber Hood Class Plus PB BK LTW 60 Wall Mounted Chimney,6490,6425
19,2021-11-09 09:00:00 +0000 +0000,2021-11-10 09:00:00 +0000 +0000,1,1,1,AF 1202,Home Appliances,Bluewud Study Table,BLUEWUD Mallium Engineered Wood Study Table (Free Standing),6299,6236
19,2021-11-09 09:00:00 +0000 +0000,2021-11-10 09:00:00 +0000 +0000,1,1,1,AF 1203,Home Appliances,Nilkamal Computer Desk,Nilkamal Zenith Engineered Wood Computer Desk (Straight),9000,8910
19,2021-11-09 09:00:00 +0000 +0000,2021-11-10 09:00:00 +0000 +0000,1,1,1,AF 1699,Furniture & Fixtures,Krijen Coffee Table,KRIJEN Harrier Glass Coffee Table,6500,6435
20,2021-11-09 17:00:00 +0000 +0000,2021-11-10 17:00:00 +0000 +0000,1,1,1,AF 50,Computer Accessories,Samsung Monitor,Samsung 24 Inch Full Hd Led Backlit Ips,9900,9801
20,2021-11-09 17:00:00 +0000 +0000,2021-11-10 17:00:00 +0000 +0000,1,1,1,AF 500,Electronics,Egate Projector,Egate I9 Pro Hd 720P - 2 Yrs Wrt Portable Projector,7990,7910
20,2021-11-09 17:00:00 +0000 +0000,2021-11-10 17:00:00 +0000 +0000,1,1,1,AF 714,Home Appliances,Glen Air Purifier,Glen Gl 6033 Room Air Purifier,6995,6925
20,2021-11-09 17:00:00 +0000 +0000,2021-11-10 17:00:00 +0000 +0000,1,1,1,AF 1190,Home Appliances,Alex Daisy Office Chair,Alex Daisy Candy Leatherette Office Arm Chair,6250,6187
20,2021-11-09 17:00:00 +0000 +0000,2021-11-10 17:00:00 +0000 +0000,1,1,1,AF 1786,Furniture & Fixtures,R For Rabbit Swing Cradle,R for Rabbit Lullabies Automatic Swing Cradle,9999,9899
20,2021-11-09 17:00:00 +0000 +0000,2021-11-10 17:00:00 +0000 +0000,1,1,1,1116,Health Appliances,FETAL DOPPLER,Dr. Odin fetal Doppler,6999,6929
20,2021-11-09 17:00:00 +0000 +0000,2021-11-10 17:00:00 +0000 +0000,1,1,1,AF 1276,Furniture & Fixtures,Chetan Interiors Table,Chetan Interiors Sheesham Wood Bedside Table,9999,9899
20,2021-11-09 17:00:00 +0000 +0000,2021-11-10 17:00:00 +0000 +0000,1,1,1,AF 1545,Home Appliances,Thompson Air Cooler,Thomson 90 L Desert Air Cooler,9643,9546
20,2021-11-09 17:00:00 +0000 +0000,2021-11-10 17:00:00 +0000 +0000,1,1,1,AF 809,Camera & Photography,Yongnuo Camera Lens,Yongnuo 50Mm F1.8 Canon Lens,5499,5444
20,2021-11-09 17:00:00 +0000 +0000,2021-11-10 17:00:00 +0000 +0000,1,1,1,AF 1209,Home Appliances,Royaloak Computer Desk,RoyalOak Venus Engineered Wood Computer Desk (Straight),5600,5544
21,2021-11-10 01:00:00 +0000 +0000,2021-11-11 01:00:00 +0000 +0000,1,1,1,AF 1524,Home Appliances,Zunsolar Inverter,ZunSolar 1100 Pure Sine Wave Inverter,5695,5638
21,2021-11-10 01:00:00 +0000 +0000,2021-11-11 01:00:00 +0000 +0000,1,1,1,AF 1131,Health & Beauty,Rilsatil Mascara,Rilastil Long Lash Mascara Black 8.1 ml (Black),5177,5125
21,2021-11-10 01:00:00 +0000 +0000,2021-11-11 01:00:00 +0000 +0000,1,1,1,AF 1756,Home Appliances,Kavach Fogger,Kavach 1500 W Atomizing Disinfection Automatic Sanitizing Machine,5950,5890
21,2021-11-10 01:00:00 +0000 +0000,2021-11-11 01:00:00 +0000 +0000,1,1,1,AF 195,Home Appliances,Bajaj Water Geyser,Bajaj 25 L Storage Water Geyser,6399,6335
21,2021-11-10 01:00:00 +0000 +0000,2021-11-11 01:00:00 +0000 +0000,1,1,1,AF 356,Furniture & Fixtures,Kapoor Wall Lamp,Kapoor E Illuminations Wallchiere Wall Lamp Walkewbra10839,7895,7816
21,2021-11-10 01:00:00 +0000 +0000,2021-11-11 01:00:00 +0000 +0000,1,1,1,AF 880,Curios & Decorations,Gigalumi Figurines,Gigalumi Turtle Garden Figurines Outdoor Decor,7842,7763
21,2021-11-10 01:00:00 +0000 +0000,2021-11-11 01:00:00 +0000 +0000,1,1,1,AF 1602,Furniture & Fixtures,Merida Dressing Table,Merida Marketing Enterprises Modern Wooden Dressing,7000,6930
21,2021-11-10 01:00:00 +0000 +0000,2021-11-11 01:00:00 +0000 +0000,1,1,1,AF 1293,Furniture & Fixtures,Urban Ladder Shelf,Urban Ladder Tetris Side Shelf,6799,6731
21,2021-11-10 01:00:00 +0000 +0000,2021-11-11 01:00:00 +0000 +0000,1,1,1,AF 1526,Home Appliances,Livfast Inverter,Livfast Inverter S1125 Pure Sine Wave Inverter,5599,5543
21,2021-11-10 01:00:00 +0000 +0000,2021-11-11 01:00:00 +0000 +0000,1,1,1,AF 1897,Furniture & Fixtures,Woodness Pluto/Wood Almirah,WOODNESS Pluto Engineered Wood Almirah,7072,7001
22,2021-11-10 09:00:00 +0000 +0000,2021-11-11 09:00:00 +0000 +0000,1,1,1,AF 851,Curios & Decorations,Homedics Waterfall,Homedics Silver Springs Relaxation Fountain | Illuminated Waterfall,5988,5928
22,2021-11-10 09:00:00 +0000 +0000,2021-11-11 09:00:00 +0000 +0000,1,1,1,AF 1028,Sports / Games & Toys,Healthex Exercise Bike,Healthex Octane Exercise Air Bike With Moving Handles For Home Use,6998,6928
22,2021-11-10 09:00:00 +0000 +0000,2021-11-11 09:00:00 +0000 +0000,1,1,1,AF 51,Computer Accessories,Hp Monitor,Hp 21.5 Inch Full Hd Led Backlit Ips,9999,9899
22,2021-11-10 09:00:00 +0000 +0000,2021-11-11 09:00:00 +0000 +0000,1,1,1,AF 188,Home Appliances,Livpure Purifier,Libpure Pep Pro Star 7 L Ro Uv Uf Minerals Water Purifier,9499,9404
22,2021-11-10 09:00:00 +0000 +0000,2021-11-11 09:00:00 +0000 +0000,1,1,1,AF 1693,Furniture & Fixtures,Bluewud Coffee Table,BLUEWUD Osnale Wood Coffee Table,6499,6434
22,2021-11-10 09:00:00 +0000 +0000,2021-11-11 09:00:00 +0000 +0000,1,1,1,AF 1366,Health & Beauty,Its Cosmetic Bronzer,It Cosmetics Matte Bronzer (Golden Glow),7995,7915
22,2021-11-10 09:00:00 +0000 +0000,2021-11-11 09:00:00 +0000 +0000,1,1,1,AF 831,Furnishing & Linen,Israr Handicrafts  Carpet,Israr Handicrafts Geometric Persian Handmade Tufted Round Carpet,5999,5939
22,2021-11-10 09:00:00 +0000 +0000,2021-11-11 09:00:00 +0000 +0000,1,1,1,AF 1463,Home Appliances,Glen Mia Chimney,Glen Mia BLK 60 BF LTW Wall Mounted Chimney,6103,6041
22,2021-11-10 09:00:00 +0000 +0000,2021-11-11 09:00:00 +0000 +0000,1,1,1,AF 1555,Furniture & Fixtures,Flo Mattress,"Flo Ortho High Foam Mattress, 72x60x6 Inches (Queen)",8591,8505
22,2021-11-10 09:00:00 +0000 +0000,2021-11-11 09:00:00 +0000 +0000,1,1,1,AF 1772,Home Appliances,Digital Woodworking Tool,Digital Craft Multifunctional Woodworking Tool,6999,6929
23,2021-11-10 17:00:00 +0000 +0000,2021-11-11 17:00:00 +0000 +0000,1,1,1,AF 32,Watches,Realme Smart Watch,"Realme Smart Watch S Pro With 1.39"" Amoled Touchscreen",9999,9899
23,2021-11-10 17:00:00 +0000 +0000,2021-11-11 17:00:00 +0000 +0000,1,1,1,AF 1784,Furniture & Fixtures,Kiddery Polkamania,Kiddery Polkamania | Baby Cradle with Mosquito Protection Net,5999,5939
23,2021-11-10 17:00:00 +0000 +0000,2021-11-11 17:00:00 +0000 +0000,1,1,1,AF 1534,Home Appliances,Sansui Air Cooler,Sansui 47 L Tower Air Cooler,8699,8612
23,2021-11-10 17:00:00 +0000 +0000,2021-11-11 17:00:00 +0000 +0000,1,1,1,AF 122,Computer Accessories,Wd Hard Disk,Wd My Passport 1 Tb External Hard Disk Drive,8120,8038
23,2021-11-10 17:00:00 +0000 +0000,2021-11-11 17:00:00 +0000 +0000,1,1,1,AF 1782,Furniture & Fixtures,Royaloak Study Table,RoyalOak MICKIES Engineered Wood Study Table,5800,5742
23,2021-11-10 17:00:00 +0000 +0000,2021-11-11 17:00:00 +0000 +0000,1,1,1,AF 1522,Home Appliances,V Gaurd Inverter,V-Guard Smart Pro 1200 With Bluetooth Connectivity Inverter,7998,7918
23,2021-11-10 17:00:00 +0000 +0000,2021-11-11 17:00:00 +0000 +0000,1,1,1,AF 890,Curios & Decorations,Outdoor Decor,A Six Pieces Set Cute Dew Drop Inn Fairy Gnome Tree Decoration,7069,6998
23,2021-11-10 17:00:00 +0000 +0000,2021-11-11 17:00:00 +0000 +0000,1,1,1,AF 1901,Furniture & Fixtures,Cello Storage/Plastic Cupboard,Cello Storage Cupboard Plastic Cupboard (Finish Color - Red & Blue),6853,6784
23,2021-11-10 17:00:00 +0000 +0000,2021-11-11 17:00:00 +0000 +0000,1,1,1,AF 310,Health & Beauty,Babyliss Starightener,Babyliss Hair Straightener,5995,5935
23,2021-11-10 17:00:00 +0000 +0000,2021-11-11 17:00:00 +0000 +0000,1,1,1,AF 1132,Health & Beauty,Kanebo Mascara,Kanebo Mascara ?C Black 6 4973167977279 6 ml (Black),6552,6486
24,2021-11-11 01:00:00 +0000 +0000,2021-11-12 01:00:00 +0000 +0000,1,1,1,AF 1993,Furniture & Fixtures,Alex Daisy Pluto /Desk Chair,Alex Daisy Pluto Plastic Desk Chair (Finish Color - Pink),8950,8860
24,2021-11-11 01:00:00 +0000 +0000,2021-11-12 01:00:00 +0000 +0000,1,1,1,AF 1232,Audio & Speakers,Motorola Home Theatre,MOTOROLA 120 W Bluetooth Home Theatre,8799,8711
24,2021-11-11 01:00:00 +0000 +0000,2021-11-12 01:00:00 +0000 +0000,1,1,1,AF 49,Computer Accessories,Benq Monitor,Benq 22 Inch Full Hd Led Backlit,8750,8662
24,2021-11-11 01:00:00 +0000 +0000,2021-11-12 01:00:00 +0000 +0000,1,1,1,AF 1956,Home Appliances,Stihl Trimmer,STIHL HSE 42 ELECTRIC HEADGE TRIMMER Cordless Grass Trimmer,5990,5930
24,2021-11-11 01:00:00 +0000 +0000,2021-11-12 01:00:00 +0000 +0000,1,1,1,292,Home Furnishing,Bedsheet Combo Set,Jaipuri Heritage Pack of 5 Cotton Bedsheets with 10 Pillow Covers,5200,5148
24,2021-11-11 01:00:00 +0000 +0000,2021-11-12 01:00:00 +0000 +0000,1,1,1,775,Electronics & Appliances,YOGA ROLLER VIBRATING,YOGA ROLLER VIBRATING (CIRCLE DOT PATTERN)    ,8999,8909
24,2021-11-11 01:00:00 +0000 +0000,2021-11-12 01:00:00 +0000 +0000,1,1,1,AF 738,Computer Accessories,Logitech Gaming Keyboard,Logitech G413 Wired Usb Gaming Keyboard,7295,7222
24,2021-11-11 01:00:00 +0000 +0000,2021-11-12 01:00:00 +0000 +0000,1,1,1,AF 1214,Home Appliances,Savera Office Table,Savera Wood Office Table,9000,8910
24,2021-11-11 01:00:00 +0000 +0000,2021-11-12 01:00:00 +0000 +0000,1,1,1,AF 1707,Furniture & Fixtures,Silant Makers Wooden Able,Silant Makers White Wooden able,5999,5939
24,2021-11-11 01:00:00 +0000 +0000,2021-11-12 01:00:00 +0000 +0000,1,1,1,AF 184,ACs & Coolers,Usha Air Cooler,Usha 70 L Desert Air Cooler,9299,9206
25,2021-11-11 09:00:00 +0000 +0000,2021-11-12 09:00:00 +0000 +0000,1,1,1,AF 180,ACs & Coolers,Hindware Air Cooler,Hindware 36 L Room/Personal Air Cooler,5999,5939
25,2021-11-11 09:00:00 +0000 +0000,2021-11-12 09:00:00 +0000 +0000,1,1,1,AF 419,Curios & Decorations,Collectible Wall Hanging,Collectible India Metal Wall Hangings,6999,6929
25,2021-11-11 09:00:00 +0000 +0000,2021-11-12 09:00:00 +0000 +0000,1,1,1,AF 670,Health & Beauty,Welch Allyn Bp Machine,Welch Allyn Ds55 Durashock Hand Aneroids Bp Monitor,6999,6929
25,2021-11-11 09:00:00 +0000 +0000,2021-11-12 09:00:00 +0000 +0000,1,1,1,82,Home Furnishing,Bedsheet Set,Bright Festive Collection Pack of 7 Bedsheets with 14 Pillow Covers,6900,6831
25,2021-11-11 09:00:00 +0000 +0000,2021-11-12 09:00:00 +0000 +0000,1,1,1,AF 1272,Furniture & Fixtures,Cello Drawers,Cello Plastic Free Standing Chest of Drawers,8000,7920
25,2021-11-11 09:00:00 +0000 +0000,2021-11-12 09:00:00 +0000 +0000,1,1,1,AF 833,Furnishing & Linen,Unique Carpet,"Unique Carpet (Multicolour, Wool & Wool Blend, 3 X 5 Feet)",6999,6929
25,2021-11-11 09:00:00 +0000 +0000,2021-11-12 09:00:00 +0000 +0000,1,1,1,AF 1737,Home Appliances,Ralli Sprayer,RALLI Agro HIGH Pressure 22 HTP Pump Power Sprayer,6699,6632
25,2021-11-11 09:00:00 +0000 +0000,2021-11-12 09:00:00 +0000 +0000,1,1,1,AF 1248,Furniture & Fixtures,Royaloak Shoe Rack,RoyalOak Wood Shoe Rack,7250,7177
25,2021-11-11 09:00:00 +0000 +0000,2021-11-12 09:00:00 +0000 +0000,1,1,1,AF 1250,Furniture & Fixtures,Bluewud Shoe Rack,BLUEWUD Wood Shoe Rack,5749,5691
25,2021-11-11 09:00:00 +0000 +0000,2021-11-12 09:00:00 +0000 +0000,1,1,1,AF 710,Electronics,Myra Projector,Myra C80 Android Project,9499,9404
26,2021-11-11 17:00:00 +0000 +0000,2021-11-12 17:00:00 +0000 +0000,1,1,1,AF 334,Watches,Casio Men Watch,Ex521 (Efv-600L-2Avudf) Edifice Analog Watch - For Men,8495,8410
26,2021-11-11 17:00:00 +0000 +0000,2021-11-12 17:00:00 +0000 +0000,1,1,1,AF 1586,Furniture & Fixtures,Hexagone Wardrobe,Hexagon Furnitures Dark Wooden Texture Single Door Wardrobe,7000,6930
26,2021-11-11 17:00:00 +0000 +0000,2021-11-12 17:00:00 +0000 +0000,1,1,1,AF 1529,Home Appliances,Utl Hc Inverter,UTL HC 1050 - 50A/12V 1050/12V SOLAR HOME PCU,8025,7944
26,2021-11-11 17:00:00 +0000 +0000,2021-11-12 17:00:00 +0000 +0000,1,1,1,AF 1648,Home Appliances,Samsung Microwave Oven,SAMSUNG 23 L Solo Microwave Oven,5500,5445
26,2021-11-11 17:00:00 +0000 +0000,2021-11-12 17:00:00 +0000 +0000,1,1,1,AF 681,Home Appliances,Mi Air Purifier,Mi AC-M6-Sc Portable Room Air Purifier,9999,9899
26,2021-11-11 17:00:00 +0000 +0000,2021-11-12 17:00:00 +0000 +0000,1,1,1,AF 93,Audio & Speakers,Boult Earphones,Boult Audio Air Bass Free Pods,5999,5939
26,2021-11-11 17:00:00 +0000 +0000,2021-11-12 17:00:00 +0000 +0000,1,1,1,AF 1249,Furniture & Fixtures,Hometown Shoe Rack,Hometown Wood Shoe Rack,8000,7920
26,2021-11-11 17:00:00 +0000 +0000,2021-11-12 17:00:00 +0000 +0000,1,1,1,AF 84,Computer Accessories,Flipkart Smartbuy Hard Disk,Flipkart Smartby 480 GB Solid State External Drive,5689,5632
26,2021-11-11 17:00:00 +0000 +0000,2021-11-12 17:00:00 +0000 +0000,1,1,1,AF 380,Furnishing & Linen,Bombay Dyeing Blanket,Bombay Dyeing Floral Single Mink Blanket,5440,5385
26,2021-11-11 17:00:00 +0000 +0000,2021-11-12 17:00:00 +0000 +0000,1,1,1,AF 773,Camera & Photography,Digitek Gimbal,Digitek Smartphone Gimbal Dsg 005 3 Axis Gimbal,5499,5444
27,2021-11-12 01:00:00 +0000 +0000,2021-11-13 01:00:00 +0000 +0000,1,1,1,AF 1533,Home Appliances,Symphony Air Cooler,Symphony 27 L Room/Personal Air Cooler,6524,6458
27,2021-11-12 01:00:00 +0000 +0000,2021-11-13 01:00:00 +0000 +0000,1,1,1,AF 1658,Home Appliances,Onida Microwave Oven,ONIDA 20 L Grill Microwave Oven,5590,5534
27,2021-11-12 01:00:00 +0000 +0000,2021-11-13 01:00:00 +0000 +0000,1,1,1,AF 1301,Furniture & Fixtures,Skafa Book Shelf,SKAFA Book Shelf Bookcase Space,5499,5444
27,2021-11-12 01:00:00 +0000 +0000,2021-11-13 01:00:00 +0000 +0000,1,1,1,36,Home Furnishing,Bedsheet Set,Delightful collection pack of 7 bed sheet with 14 pillow covers,6500,6435
27,2021-11-12 01:00:00 +0000 +0000,2021-11-13 01:00:00 +0000 +0000,1,1,1,AF 1189,Home Appliances,Dureja Office Chair,DUREJA INTERNATIONAL Back Fabric Office Executive Chair,6925,6855
27,2021-11-12 01:00:00 +0000 +0000,2021-11-13 01:00:00 +0000 +0000,1,1,1,AF 295,Home Appliances,Prestige Vacuum Cleaner,Prestige Cleanhome Typhoon05 Wet & Dry Vacuum Cleaner,6599,6533
27,2021-11-12 01:00:00 +0000 +0000,2021-11-13 01:00:00 +0000 +0000,1,1,1,AF 832,Furnishing & Linen,Regal Carpet,Regal Carpet Handmade Microfiber Shaggy Carpet,9999,9899
27,2021-11-12 01:00:00 +0000 +0000,2021-11-13 01:00:00 +0000 +0000,1,1,1,AF 1187,Home Appliances,Mbtc Cascade Office Chair,MBTC Cascade Mesh Office Executive Chair,7999,7919
27,2021-11-12 01:00:00 +0000 +0000,2021-11-13 01:00:00 +0000 +0000,1,1,1,AF 1643,Home Appliances,Syspro Voltage Converter,Syspro Ranger VOLTAGE CONVERTER,6999,6929
27,2021-11-12 01:00:00 +0000 +0000,2021-11-13 01:00:00 +0000 +0000,1,1,1,AF 1467,Home Appliances,Glen Cooker Chimney,Glen Cooker Hood 6071 BLK LTW Wall Mounted Chimney,8195,8113
28,2021-11-12 09:00:00 +0000 +0000,2021-11-13 09:00:00 +0000 +0000,1,1,1,AF 1943,Home Appliances,Falcon Lawn Mower,FALCON EASY 28 EASY 28 Manual Push Lawn Mower (12 inch),5199,5147
28,2021-11-12 09:00:00 +0000 +0000,2021-11-13 09:00:00 +0000 +0000,1,1,1,AF 893,Curios & Decorations,Dragon Statue,Dragon Garden Statue,5516,5460
28,2021-11-12 09:00:00 +0000 +0000,2021-11-13 09:00:00 +0000 +0000,1,1,1,AF 1235,Audio & Speakers,Implex Home Theatre,IMPEX Multimedia Bluetooth Home Theatre,7139,7067
28,2021-11-12 09:00:00 +0000 +0000,2021-11-13 09:00:00 +0000 +0000,1,1,1,AF 562,Curios & Decorations,Mad Master Paintings,Mad Masters Lion With Family Modern Abstract Painting In Multiple Frames,5000,4950
28,2021-11-12 09:00:00 +0000 +0000,2021-11-13 09:00:00 +0000 +0000,1,1,1,AF 217,Home Appliances,Philips OTG,Philips 25L Oven Toaster Grill,7099,7028
28,2021-11-12 09:00:00 +0000 +0000,2021-11-13 09:00:00 +0000 +0000,1,1,1,AF 1260,Furniture & Fixtures,Meded Shoe Rack,MEDED Wall Shoe Rack,8120,8038
28,2021-11-12 09:00:00 +0000 +0000,2021-11-13 09:00:00 +0000 +0000,1,1,1,AF 1522,Home Appliances,V Gaurd Inverter,V-Guard Smart Pro 1200 With Bluetooth Connectivity Inverter,7998,7918
28,2021-11-12 09:00:00 +0000 +0000,2021-11-13 09:00:00 +0000 +0000,1,1,1,AF 1952,Home Appliances,Vimal Lawn Mower,"Vimal LAWN MOWER - MANUAL 14"" 14 inch",5509,5453
28,2021-11-12 09:00:00 +0000 +0000,2021-11-13 09:00:00 +0000 +0000,1,1,1,AF 1693,Furniture & Fixtures,Bluewud Coffee Table,BLUEWUD Osnale Wood Coffee Table,6499,6434
28,2021-11-12 09:00:00 +0000 +0000,2021-11-13 09:00:00 +0000 +0000,1,1,1,AF 500,Electronics,Egate Projector,Egate I9 Pro Hd 720P - 2 Yrs Wrt Portable Projector,7990,7910
29,2021-11-12 17:00:00 +0000 +0000,2021-11-13 17:00:00 +0000 +0000,1,1,1,AF 876,Curios & Decorations,Design Statue,Design Toscano Bandit The Raccoon Garden Animal Statute,5525,5469
29,2021-11-12 17:00:00 +0000 +0000,2021-11-13 17:00:00 +0000 +0000,1,1,1,AF 1187,Home Appliances,Mbtc Cascade Office Chair,MBTC Cascade Mesh Office Executive Chair,7999,7919
29,2021-11-12 17:00:00 +0000 +0000,2021-11-13 17:00:00 +0000 +0000,1,1,1,AF 1239,Audio & Speakers,Creative Soundbar,CREATIVE Stage 160 W Bluetooth Soundbar,6127,6065
29,2021-11-12 17:00:00 +0000 +0000,2021-11-13 17:00:00 +0000 +0000,1,1,1,AF 717,Home Appliances,Agaro Air Purifier,Agaro Purewave Room Air Purifier,7999,7919
29,2021-11-12 17:00:00 +0000 +0000,2021-11-13 17:00:00 +0000 +0000,1,1,1,1123,Health Appliances,YOGA ROLLER VIBRATING,waldon vibrating yoga roller,8999,8909
29,2021-11-12 17:00:00 +0000 +0000,2021-11-13 17:00:00 +0000 +0000,1,1,1,AF 1539,Home Appliances,Flipkartair Cooler,Flipkart SmartBuy 47 L Tower Air Cooler,7499,7424
29,2021-11-12 17:00:00 +0000 +0000,2021-11-13 17:00:00 +0000 +0000,1,1,1,457,Electronics & Appliances,ELECTRIC BREAST PUMP,ELECTRIC BREAST PUMP (Gold & Pink)    ,8999,8909
29,2021-11-12 17:00:00 +0000 +0000,2021-11-13 17:00:00 +0000 +0000,1,1,1,AF 701,Home Appliances,Eureka Air Purifier,Eureka Forbes Aeroguard Breeze Portable Room Air Purifier,6999,6929
29,2021-11-12 17:00:00 +0000 +0000,2021-11-13 17:00:00 +0000 +0000,1,1,1,AF 1772,Home Appliances,Digital Woodworking Tool,Digital Craft Multifunctional Woodworking Tool,6999,6929
29,2021-11-12 17:00:00 +0000 +0000,2021-11-13 17:00:00 +0000 +0000,1,1,1,AF 1597,Furniture & Fixtures,Balaji Dressing Table,BALAJI FURNITURE Sheesham Wood Dressing Mirror,7499,7424
30,2021-11-13 01:00:00 +0000 +0000,2021-11-14 01:00:00 +0000 +0000,1,1,1,AF 1861,Home Appliances,Equal Ladder,Equal Aluminium Ladder (Hand Rail),8999,8909
30,2021-11-13 01:00:00 +0000 +0000,2021-11-14 01:00:00 +0000 +0000,1,1,1,AF 183,ACs & Coolers,Havells Air Cooler,Havells 18 L Room/Personal Air Cooler,5799,5741
30,2021-11-13 01:00:00 +0000 +0000,2021-11-14 01:00:00 +0000 +0000,1,1,1,AF 314,Health & Beauty,Remington Hair Dyrer,"Remington AC8002 - Keratin Protect Dryer Hair Dryer (2200 W, Multicolor)",6995,6925
30,2021-11-13 01:00:00 +0000 +0000,2021-11-14 01:00:00 +0000 +0000,1,1,1,AF 1945,Home Appliances,Incgo Lawn Mower,INGCO 1600W Electric Lawn Mower,8899,8810
30,2021-11-13 01:00:00 +0000 +0000,2021-11-14 01:00:00 +0000 +0000,1,1,1,AF 186,Home Appliances,Pureit Purifier,Pureit By Hul Mineral Ro Uv Mf Mp Water Purifier,9499,9404
30,2021-11-13 01:00:00 +0000 +0000,2021-11-14 01:00:00 +0000 +0000,1,1,1,AF 1740,Home Appliances,Carigar Grass Trimmer,CARIGAR Brush Cutter 5S BC 01| 52cc Fuel Grass Trimmer,6999,6929
30,2021-11-13 01:00:00 +0000 +0000,2021-11-14 01:00:00 +0000 +0000,1,1,1,AF 889,Furniture & Fixtures,Solar Deck Lights,"Solar Deck Lights, Led Outdoor Garden Decorative Wall Mount Fence",7298,7225
30,2021-11-13 01:00:00 +0000 +0000,2021-11-14 01:00:00 +0000 +0000,1,1,1,AF 808,Camera & Photography,Canon Camera Lens,Canon Ef 50 Mm F/1.8 Stm Lens,8961,8871
30,2021-11-13 01:00:00 +0000 +0000,2021-11-14 01:00:00 +0000 +0000,1,1,1,AF 174,Home Appliances,Kent Vaccum Cleaner,Kent Ksl-160 Bagless Dry Vacuum Cleaner,5999,5939
30,2021-11-13 01:00:00 +0000 +0000,2021-11-14 01:00:00 +0000 +0000,1,1,1,AF 1916,Home Appliances,Kalco Ladder,KALCO Model No.K-7016 Aluminium Ladder (With Platform),5600,5544
31,2021-11-13 09:00:00 +0000 +0000,2021-11-14 09:00:00 +0000 +0000,1,1,1,AF 1542,Home Appliances,Kenstar Air Cooler,Kenstar 35 L Room/Personal Air Cooler,5990,5930
31,2021-11-13 09:00:00 +0000 +0000,2021-11-14 09:00:00 +0000 +0000,1,1,1,AF 1240,Audio & Speakers,Marq Soundbar,MarQ By 120 W Bluetooth Soundbar,6499,6434
31,2021-11-13 09:00:00 +0000 +0000,2021-11-14 09:00:00 +0000 +0000,1,1,1,AF 851,Curios & Decorations,Homedics Waterfall,Homedics Silver Springs Relaxation Fountain | Illuminated Waterfall,5988,5928
31,2021-11-13 09:00:00 +0000 +0000,2021-11-14 09:00:00 +0000 +0000,1,1,1,AF 699,Home Appliances,Toshiba Air Purifier,Toshiba Caf-W48Xin Portable Room Air Purifier,8399,8315
31,2021-11-13 09:00:00 +0000 +0000,2021-11-14 09:00:00 +0000 +0000,1,1,1,AF 1749,Home Appliances,Sharpex Potmover,Sharpex POTMOVER Garden Tool Kit (1 Tools),5249,5196
31,2021-11-13 09:00:00 +0000 +0000,2021-11-14 09:00:00 +0000 +0000,1,1,1,AF 266,Bags Travel Accessories,Brand Leather,Large 35L Laptop Backpack 100% Genuine Leather,5699,5642
31,2021-11-13 09:00:00 +0000 +0000,2021-11-14 09:00:00 +0000 +0000,1,1,1,AF 22,Computer Accessories,Lenovo Hardisk,Lenovo F309 Usb3.0 1Tb External Hard Disk,6700,6633
31,2021-11-13 09:00:00 +0000 +0000,2021-11-14 09:00:00 +0000 +0000,1,1,1,AF 1450,Home Appliances,Wirlpool Chimney,Whirlpool CG 601 HAC HOOD Wall Mounted Chimney,9999,9899
31,2021-11-13 09:00:00 +0000 +0000,2021-11-14 09:00:00 +0000 +0000,1,1,1,AF 738,Computer Accessories,Logitech Gaming Keyboard,Logitech G413 Wired Usb Gaming Keyboard,7295,7222
31,2021-11-13 09:00:00 +0000 +0000,2021-11-14 09:00:00 +0000 +0000,1,1,1,AF 1784,Furniture & Fixtures,Kiddery Polkamania,Kiddery Polkamania | Baby Cradle with Mosquito Protection Net,5999,5939
32,2021-11-13 17:00:00 +0000 +0000,2021-11-14 17:00:00 +0000 +0000,1,1,1,AF 1756,Home Appliances,Kavach Fogger,Kavach 1500 W Atomizing Disinfection Automatic Sanitizing Machine,5950,5890
32,2021-11-13 17:00:00 +0000 +0000,2021-11-14 17:00:00 +0000 +0000,1,1,1,AF 1971,Furniture & Fixtures,Duroflex Switch/Study Table,Duroflex Switch Engineered Wood Study Table,7800,7722
32,2021-11-13 17:00:00 +0000 +0000,2021-11-14 17:00:00 +0000 +0000,1,1,1,AF 59,Computer Accessories,Seagate Hard Disk,Seagate Ultra 2 Tb External Hard Drive,5599,5543
32,2021-11-13 17:00:00 +0000 +0000,2021-11-14 17:00:00 +0000 +0000,1,1,1,AF 1296,Furniture & Fixtures,Royaloak Book Shelf,RoyalOak Engineered Wood Semi-Open Book Shelf,9000,8910
32,2021-11-13 17:00:00 +0000 +0000,2021-11-14 17:00:00 +0000 +0000,1,1,1,AF 1250,Furniture & Fixtures,Bluewud Shoe Rack,BLUEWUD Wood Shoe Rack,5749,5691
32,2021-11-13 17:00:00 +0000 +0000,2021-11-14 17:00:00 +0000 +0000,1,1,1,AF 1979,Furniture & Fixtures,4Homez Multipurpos/Study Table,4Homez Multipurpose Study/Office Table,7199,7127
32,2021-11-13 17:00:00 +0000 +0000,2021-11-14 17:00:00 +0000 +0000,1,1,1,AF 1131,Health & Beauty,Rilsatil Mascara,Rilastil Long Lash Mascara Black 8.1 ml (Black),5177,5125
32,2021-11-13 17:00:00 +0000 +0000,2021-11-14 17:00:00 +0000 +0000,1,1,1,AF 1853,Home Appliances,Corvids Ladder,Corvids 13-steps Aluminium Ladder (With Platform),9998,9898
32,2021-11-13 17:00:00 +0000 +0000,2021-11-14 17:00:00 +0000 +0000,1,1,1,AF 1901,Furniture & Fixtures,Cello Storage/Plastic Cupboard,Cello Storage Cupboard Plastic Cupboard (Finish Color - Red & Blue),6853,6784
32,2021-11-13 17:00:00 +0000 +0000,2021-11-14 17:00:00 +0000 +0000,1,1,1,AF 1232,Audio & Speakers,Motorola Home Theatre,MOTOROLA 120 W Bluetooth Home Theatre,8799,8711
33,2021-11-14 01:00:00 +0000 +0000,2021-11-15 01:00:00 +0000 +0000,1,1,1,35,Home Furnishing,Bedsheet Combo Set,Pastel collection: 5 Cotton bed sheet + 10 pillow covers + 5 cushion covers,5200,5148
33,2021-11-14 01:00:00 +0000 +0000,2021-11-15 01:00:00 +0000 +0000,1,1,1,AF 310,Health & Beauty,Babyliss Starightener,Babyliss Hair Straightener,5995,5935
33,2021-11-14 01:00:00 +0000 +0000,2021-11-15 01:00:00 +0000 +0000,1,1,1,AF 773,Camera & Photography,Digitek Gimbal,Digitek Smartphone Gimbal Dsg 005 3 Axis Gimbal,5499,5444
33,2021-11-14 01:00:00 +0000 +0000,2021-11-15 01:00:00 +0000 +0000,1,1,1,AF 1744,Home Appliances,Sauran Fuel Grass Trimmer,Sauran 52cc Petrol Brush Cutter heavy duty Fuel Grass Trimmer,8991,8901
33,2021-11-14 01:00:00 +0000 +0000,2021-11-15 01:00:00 +0000 +0000,1,1,1,AF 566,Curios & Decorations,Sagar World Painting,Sagar World Digital Reprint 36 Inch X 24 Inch Painting,6000,5940
33,2021-11-14 01:00:00 +0000 +0000,2021-11-15 01:00:00 +0000 +0000,1,1,1,AF 1132,Health & Beauty,Kanebo Mascara,Kanebo Mascara ?C Black 6 4973167977279 6 ml (Black),6552,6486
33,2021-11-14 01:00:00 +0000 +0000,2021-11-15 01:00:00 +0000 +0000,1,1,1,AF 777,Camera & Photography,Immutable Gimbal,Immutable 3 Axis Handheld Smartphone Gimbal Stabilizer,6174,6112
33,2021-11-14 01:00:00 +0000 +0000,2021-11-15 01:00:00 +0000 +0000,1,1,1,760,Electronics & Appliances,FETAL DOPPLER,FETAL DOPPLER    ,6999,6929
33,2021-11-14 01:00:00 +0000 +0000,2021-11-15 01:00:00 +0000 +0000,1,1,1,AF 1360,Health & Beauty,Palladio Bronzer,"Palladio Beauty Matte Bronzer, Nude Beach, 10 Gr (Nude Beach)",7999,7919
33,2021-11-14 01:00:00 +0000 +0000,2021-11-15 01:00:00 +0000 +0000,1,1,1,AF 1467,Home Appliances,Glen Cooker Chimney,Glen Cooker Hood 6071 BLK LTW Wall Mounted Chimney,8195,8113
34,2021-11-14 09:00:00 +0000 +0000,2021-11-15 09:00:00 +0000 +0000,1,1,1,AF 1204,Home Appliances,Crystal Computer Desk,Crystal Furnitech Alanta Engineered Wood Computer Desk (Straight),6969,6899
34,2021-11-14 09:00:00 +0000 +0000,2021-11-15 09:00:00 +0000 +0000,1,1,1,250,Home Furnishing,Bedsheets,Xtromac New Shape Pack of 8 Double Bedsheet + 16 PCs + Free 5 N95 Masks,5999,5939
34,2021-11-14 09:00:00 +0000 +0000,2021-11-15 09:00:00 +0000 +0000,1,1,1,AF 1028,Sports / Games & Toys,Healthex Exercise Bike,Healthex Octane Exercise Air Bike With Moving Handles For Home Use,6998,6928
34,2021-11-14 09:00:00 +0000 +0000,2021-11-15 09:00:00 +0000 +0000,1,1,1,AF 1781,Home Appliances,Isc Tile Cutter,ISC Groove steel concrete tile cutter,9999,9899
34,2021-11-14 09:00:00 +0000 +0000,2021-11-15 09:00:00 +0000 +0000,1,1,1,AF 1534,Home Appliances,Sansui Air Cooler,Sansui 47 L Tower Air Cooler,8699,8612
34,2021-11-14 09:00:00 +0000 +0000,2021-11-15 09:00:00 +0000 +0000,1,1,1,AF 1193,Home Appliances,Vivan Interio Office Chair,VIVAN INTERIO Bonded Leather Office Executive Chair,8999,8909
34,2021-11-14 09:00:00 +0000 +0000,2021-11-15 09:00:00 +0000 +0000,1,1,1,AF 1782,Furniture & Fixtures,Royaloak Study Table,RoyalOak MICKIES Engineered Wood Study Table,5800,5742
34,2021-11-14 09:00:00 +0000 +0000,2021-11-15 09:00:00 +0000 +0000,1,1,1,AF 190,Home Appliances,V Guard Zenora Purifier,V-Guard Zenora Ro+Uf+Mb 7 L Ro + Uf + Mb Water Purifier,8919,8829
34,2021-11-14 09:00:00 +0000 +0000,2021-11-15 09:00:00 +0000 +0000,1,1,1,AF 631,Furniture & Fixtures,Plantex Shelf,Plantex Pl3)Atinum 304 Grade Stainless Steel Bathroom Mirror Cabinet 3Shelf,5299,5246
34,2021-11-14 09:00:00 +0000 +0000,2021-11-15 09:00:00 +0000 +0000,1,1,1,AF 1773,Home Appliances,Isc Wood Machine,ISC YK Router Machine Wood Working Router Machine,5999,5939
35,2021-11-14 17:00:00 +0000 +0000,2021-11-15 17:00:00 +0000 +0000,1,1,1,AF 1191,Home Appliances,Da Urban Office Chair,Da URBAN XCESS High Back Fabric Office Executive Chair,9698,9601
35,2021-11-14 17:00:00 +0000 +0000,2021-11-15 17:00:00 +0000 +0000,1,1,1,AF 411,Curios & Decorations,Rythm Wall Clock,Rhythm Analog Gold Clock,7275,7202
35,2021-11-14 17:00:00 +0000 +0000,2021-11-15 17:00:00 +0000 +0000,1,1,1,AF 893,Curios & Decorations,Dragon Statue,Dragon Garden Statue,5516,5460
35,2021-11-14 17:00:00 +0000 +0000,2021-11-15 17:00:00 +0000 +0000,1,1,1,AF 39,Computer Accessories,Lenovo Monitor,Lenovo 21.5 Inch Full Hd Va Panel,8290,8207
35,2021-11-14 17:00:00 +0000 +0000,2021-11-15 17:00:00 +0000 +0000,1,1,1,AF 49,Computer Accessories,Benq Monitor,Benq 22 Inch Full Hd Led Backlit,8750,8662
35,2021-11-14 17:00:00 +0000 +0000,2021-11-15 17:00:00 +0000 +0000,1,1,1,AF 193,Home Appliances,Cropmton Water Geyser,Cropmton 25 L Storage Water Geyser,5799,5741
35,2021-11-14 17:00:00 +0000 +0000,2021-11-15 17:00:00 +0000 +0000,1,1,1,AF 1771,Home Appliances,Animex Chainsw,Aimex DT-751 Heavy Duty Gasoline Chainsaw Fuel Chainsaw,7499,7424
35,2021-11-14 17:00:00 +0000 +0000,2021-11-15 17:00:00 +0000 +0000,1,1,1,AF 590,Electronics,Ibs Projector,Ibs T20 1500 Lcd Mini Projector,7219,7146
35,2021-11-14 17:00:00 +0000 +0000,2021-11-15 17:00:00 +0000 +0000,1,1,1,AF 691,Home Appliances,Honeywell Air Purifier,Honeywell Hac25M1201G Portable Room Air Purifier,8999,8909
35,2021-11-14 17:00:00 +0000 +0000,2021-11-15 17:00:00 +0000 +0000,1,1,1,AF 1524,Home Appliances,Zunsolar Inverter,ZunSolar 1100 Pure Sine Wave Inverter,5695,5638
36,2021-11-15 01:00:00 +0000 +0000,2021-11-16 01:00:00 +0000 +0000,1,1,1,AF 1576,Furniture & Fixtures,Spacewood Wardrobe,"Spacewood Texas 2 Door Wardrobe (Woodpore Finish, Natural Wenge)",9645,9548
36,2021-11-15 01:00:00 +0000 +0000,2021-11-16 01:00:00 +0000 +0000,1,1,1,AF 711,Home Appliances,Checksure Air Purifier,Checksure Home Air Purifier + Air Sterilizer And Uv-C Light Air Purifier,5999,5939
36,2021-11-15 01:00:00 +0000 +0000,2021-11-16 01:00:00 +0000 +0000,1,1,1,AF 1034,Sports / Games & Toys,Lifeline Treadmill,Lifeline LYSN5213 Manual Treadmill,9700,9603
36,2021-11-15 01:00:00 +0000 +0000,2021-11-16 01:00:00 +0000 +0000,1,1,1,AF 1594,Furniture & Fixtures,Spacewood Dressing Table,Spacewood Value Dressing Table (Natural Wenge),6861,6792
36,2021-11-15 01:00:00 +0000 +0000,2021-11-16 01:00:00 +0000 +0000,1,1,1,AF 1973,Furniture & Fixtures,Duroflex Shuffle Study Table,duroflex Shuffle Engineered Wood Study Table,5720,5662
36,2021-11-15 01:00:00 +0000 +0000,2021-11-16 01:00:00 +0000 +0000,1,1,1,AF 391,Furniture & Fixtures,Finkie Wall Lamp,Finike Wallchiere Wall Lamp,5500,5445
36,2021-11-15 01:00:00 +0000 +0000,2021-11-16 01:00:00 +0000 +0000,1,1,1,AF 890,Curios & Decorations,Outdoor Decor,A Six Pieces Set Cute Dew Drop Inn Fairy Gnome Tree Decoration,7069,6998
36,2021-11-15 01:00:00 +0000 +0000,2021-11-16 01:00:00 +0000 +0000,1,1,1,AF 82,Home Appliances,Butterfly Grinder,Butterfly Rapid 4 Jar 750 Watts 750 W Juicer Mixer Grinder,5499,5444
36,2021-11-15 01:00:00 +0000 +0000,2021-11-16 01:00:00 +0000 +0000,1,1,1,AF 685,Home Appliances,Philips Air Purifier,Philips AC0817 Portable Room Air Purifier,5999,5939
36,2021-11-15 01:00:00 +0000 +0000,2021-11-16 01:00:00 +0000 +0000,1,1,1,AF 1540,Home Appliances,Maharaja Air Cooler,MAHARAJA WHITELINE 65 L Desert Air Cooler,8199,8117
37,2021-11-15 09:00:00 +0000 +0000,2021-11-16 09:00:00 +0000 +0000,1,1,1,AF 1546,Home Appliances,Onida Air Cooler,Onida 75 L Room/Personal Air Cooler,8855,8766
37,2021-11-15 09:00:00 +0000 +0000,2021-11-16 09:00:00 +0000 +0000,1,1,1,AF 1211,Home Appliances,Woodware Study Table,Woodware vego Wood Study Table,5200,5148
37,2021-11-15 09:00:00 +0000 +0000,2021-11-16 09:00:00 +0000 +0000,1,1,1,AF 1231,Audio & Speakers,F&D F 3800X Home Theatre,F&D F 3800X 80 W Bluetooth Home Theatre,5999,5939
37,2021-11-15 09:00:00 +0000 +0000,2021-11-16 09:00:00 +0000 +0000,1,1,1,775,Electronics & Appliances,YOGA ROLLER VIBRATING,YOGA ROLLER VIBRATING (CIRCLE DOT PATTERN)    ,8999,8909
37,2021-11-15 09:00:00 +0000 +0000,2021-11-16 09:00:00 +0000 +0000,1,1,1,AF 1817,Furniture & Fixtures,Hometown Ria Engineered Bed,Hometown Ria Engineered Wood Single Box Bed,9987,9887
37,2021-11-15 09:00:00 +0000 +0000,2021-11-16 09:00:00 +0000 +0000,1,1,1,776,Electronics & Appliances,YOGA ROLLER VIBRATING,YOGA ROLLER VIBRATING (WAVE PATTERN)    ,8999,8909
37,2021-11-15 09:00:00 +0000 +0000,2021-11-16 09:00:00 +0000 +0000,1,1,1,AF 419,Curios & Decorations,Collectible Wall Hanging,Collectible India Metal Wall Hangings,6999,6929
37,2021-11-15 09:00:00 +0000 +0000,2021-11-16 09:00:00 +0000 +0000,1,1,1,AF 681,Home Appliances,Mi Air Purifier,Mi AC-M6-Sc Portable Room Air Purifier,9999,9899
37,2021-11-15 09:00:00 +0000 +0000,2021-11-16 09:00:00 +0000 +0000,1,1,1,AF 99,Audio & Speakers,Skullcandy Earphones,Skullcandy Spoke Bluetooth Headset,7999,7919
37,2021-11-15 09:00:00 +0000 +0000,2021-11-16 09:00:00 +0000 +0000,1,1,1,AF 1648,Home Appliances,Samsung Microwave Oven,SAMSUNG 23 L Solo Microwave Oven,5500,5445
38,2021-11-15 17:00:00 +0000 +0000,2021-11-16 17:00:00 +0000 +0000,1,1,1,AF 195,Home Appliances,Bajaj Water Geyser,Bajaj 25 L Storage Water Geyser,6399,6335
38,2021-11-15 17:00:00 +0000 +0000,2021-11-16 17:00:00 +0000 +0000,1,1,1,AF 51,Computer Accessories,Hp Monitor,Hp 21.5 Inch Full Hd Led Backlit Ips,9999,9899
38,2021-11-15 17:00:00 +0000 +0000,2021-11-16 17:00:00 +0000 +0000,1,1,1,AF 1189,Home Appliances,Dureja Office Chair,DUREJA INTERNATIONAL Back Fabric Office Executive Chair,6925,6855
38,2021-11-15 17:00:00 +0000 +0000,2021-11-16 17:00:00 +0000 +0000,1,1,1,AF 1463,Home Appliances,Glen Mia Chimney,Glen Mia BLK 60 BF LTW Wall Mounted Chimney,6103,6041
38,2021-11-15 17:00:00 +0000 +0000,2021-11-16 17:00:00 +0000 +0000,1,1,1,AF 54,Computer Accessories,Acer Monitor,Acer 19.5 Inch Hd Led Backlit Tn Panel,6599,6533
38,2021-11-15 17:00:00 +0000 +0000,2021-11-16 17:00:00 +0000 +0000,1,1,1,AF 1947,Home Appliances,Gch Lawn Mower,GCH Falcon Easy-38 Falcon easy 38 Manual Push Lawn Mower,5399,5345
38,2021-11-15 17:00:00 +0000 +0000,2021-11-16 17:00:00 +0000 +0000,1,1,1,AF 1699,Furniture & Fixtures,Krijen Coffee Table,KRIJEN Harrier Glass Coffee Table,6500,6435
38,2021-11-15 17:00:00 +0000 +0000,2021-11-16 17:00:00 +0000 +0000,1,1,1,AF 196,Home Appliances,Kenstar Water Geyser,Kenstar 25 L Storage Water Geyser,5499,5444
38,2021-11-15 17:00:00 +0000 +0000,2021-11-16 17:00:00 +0000 +0000,1,1,1,AF 831,Furnishing & Linen,Israr Handicrafts  Carpet,Israr Handicrafts Geometric Persian Handmade Tufted Round Carpet,5999,5939
38,2021-11-15 17:00:00 +0000 +0000,2021-11-16 17:00:00 +0000 +0000,1,1,1,37,Home Furnishing,Bedsheet Combo Set,own your pastels 5 cotton bed sheet + 10 pillow covers + 1 bedsheet free,5500,5445
39,2021-11-16 01:00:00 +0000 +0000,2021-11-17 01:00:00 +0000 +0000,1,1,1,AF 784,Camera & Photography,Mirfak Gimbal,Mirfak Mv0 Single Gimbal,7950,7870
39,2021-11-16 01:00:00 +0000 +0000,2021-11-17 01:00:00 +0000 +0000,1,1,1,AF 1649,Home Appliances,Whirlpool Microwave Oven,Whirlpool 20 L Convection Microwave Oven,9240,9147
39,2021-11-16 01:00:00 +0000 +0000,2021-11-17 01:00:00 +0000 +0000,1,1,1,AF 1956,Home Appliances,Stihl Trimmer,STIHL HSE 42 ELECTRIC HEADGE TRIMMER Cordless Grass Trimmer,5990,5930
39,2021-11-16 01:00:00 +0000 +0000,2021-11-17 01:00:00 +0000 +0000,1,1,1,AF 1276,Furniture & Fixtures,Chetan Interiors Table,Chetan Interiors Sheesham Wood Bedside Table,9999,9899
39,2021-11-16 01:00:00 +0000 +0000,2021-11-17 01:00:00 +0000 +0000,1,1,1,AF 1865,Home Appliances,Grazia Ladder,Grazia Aluminium Ladder (With Platform),5985,5925
39,2021-11-16 01:00:00 +0000 +0000,2021-11-17 01:00:00 +0000 +0000,1,1,1,1122,Health Appliances,YOGA ROLLER VIBRATING,waldon vibrating yoga roller,8999,8909
39,2021-11-16 01:00:00 +0000 +0000,2021-11-17 01:00:00 +0000 +0000,1,1,1,AF 1206,Home Appliances,Krijen Study Table,KRIJEN Duet Folding Space Saver Wood Study Table,8000,7920
39,2021-11-16 01:00:00 +0000 +0000,2021-11-17 01:00:00 +0000 +0000,1,1,1,AF 50,Computer Accessories,Samsung Monitor,Samsung 24 Inch Full Hd Led Backlit Ips,9900,9801
39,2021-11-16 01:00:00 +0000 +0000,2021-11-17 01:00:00 +0000 +0000,1,1,1,AF 1703,Furniture & Fixtures,D Obair Coffee Table,D Obair Mango Wood Modern Round Coffee Table,7500,7425
39,2021-11-16 01:00:00 +0000 +0000,2021-11-17 01:00:00 +0000 +0000,1,1,1,AF 1531,Home Appliances,Hindware Air Cooler,Hindware 85 L Desert Air Cooler,9523,9427
40,2021-11-16 09:00:00 +0000 +0000,2021-11-17 09:00:00 +0000 +0000,1,1,1,AF 1237,Audio & Speakers,Boat Soundbar,boAt Aavante Bar 2000 160 W Bluetooth Soundbar,8999,8909
40,2021-11-16 09:00:00 +0000 +0000,2021-11-17 09:00:00 +0000 +0000,1,1,1,AF 1643,Home Appliances,Syspro Voltage Converter,Syspro Ranger VOLTAGE CONVERTER,6999,6929
40,2021-11-16 09:00:00 +0000 +0000,2021-11-17 09:00:00 +0000 +0000,1,1,1,AF 184,ACs & Coolers,Usha Air Cooler,Usha 70 L Desert Air Cooler,9299,9206
40,2021-11-16 09:00:00 +0000 +0000,2021-11-17 09:00:00 +0000 +0000,1,1,1,AF 790,Camera & Photography,Fujifilm Instant Camera,Fujifilm Instax Mini 11 Special Gift Box Instant Camera,5699,5642
40,2021-11-16 09:00:00 +0000 +0000,2021-11-17 09:00:00 +0000 +0000,1,1,1,AF 1533,Home Appliances,Symphony Air Cooler,Symphony 27 L Room/Personal Air Cooler,6524,6458
40,2021-11-16 09:00:00 +0000 +0000,2021-11-17 09:00:00 +0000 +0000,1,1,1,AF 1707,Furniture & Fixtures,Silant Makers Wooden Able,Silant Makers White Wooden able,5999,5939
40,2021-11-16 09:00:00 +0000 +0000,2021-11-17 09:00:00 +0000 +0000,1,1,1,AF 185,ACs & Coolers,Onida Air Cooler,Onida 75 L Room/Personal Air Cooler,8199,8117
40,2021-11-16 09:00:00 +0000 +0000,2021-11-17 09:00:00 +0000 +0000,1,1,1,AF 700,Home Appliances,Havells Air Purifier,Havells Ap20 Portable Room Air Purifier,7858,7779
40,2021-11-16 09:00:00 +0000 +0000,2021-11-17 09:00:00 +0000 +0000,1,1,1,AF 1527,Home Appliances,Enphase Inverter,Enphase IQ7A IQ7A Microinverter Pure Sine Wave Inverter,8999,8909
40,2021-11-16 09:00:00 +0000 +0000,2021-11-17 09:00:00 +0000 +0000,1,1,1,AF 1278,Furniture & Fixtures,Nilkamal Standing Cabinet,Nilkamal Cabinet,5500,5445
41,2021-11-16 17:00:00 +0000 +0000,2021-11-17 17:00:00 +0000 +0000,1,1,1,AF 1586,Furniture & Fixtures,Hexagone Wardrobe,Hexagon Furnitures Dark Wooden Texture Single Door Wardrobe,7000,6930
41,2021-11-16 17:00:00 +0000 +0000,2021-11-17 17:00:00 +0000 +0000,1,1,1,AF 180,ACs & Coolers,Hindware Air Cooler,Hindware 36 L Room/Personal Air Cooler,5999,5939
41,2021-11-16 17:00:00 +0000 +0000,2021-11-17 17:00:00 +0000 +0000,1,1,1,AF 729,Electronics,Livato Projector,Livato Uc68 Fullhd Led Wifi Projector Portable Projector,7297,7224
41,2021-11-16 17:00:00 +0000 +0000,2021-11-17 17:00:00 +0000 +0000,1,1,1,AF 725,Home Appliances,Kent Air Purifier,Kent Ozone Wall Air Purifier,5820,5761
41,2021-11-16 17:00:00 +0000 +0000,2021-11-17 17:00:00 +0000 +0000,1,1,1,AF 475,Computer Accessories,Xerox Printer,Xerox 3020V_Bio Single Function Wifi Monochrome Printer,8199,8117
41,2021-11-16 17:00:00 +0000 +0000,2021-11-17 17:00:00 +0000 +0000,1,1,1,AF 1584,Furniture & Fixtures,Saverschoice Wardrobe,SAVERSCHOICE Brick Single Door Wardrobe,6390,6326
41,2021-11-16 17:00:00 +0000 +0000,2021-11-17 17:00:00 +0000 +0000,1,1,1,AF 318,Health & Beauty,Gammapiu Hair Dryer,"Gammapiu Relax Power Relax Power Hair Dryer (2000 W, Black)",6999,6929
41,2021-11-16 17:00:00 +0000 +0000,2021-11-17 17:00:00 +0000 +0000,1,1,1,AF 335,Watches,Fossil Men Watch,Ch2927I Briggs Analog Watch - For Men#Justhere,5697,5640
41,2021-11-16 17:00:00 +0000 +0000,2021-11-17 17:00:00 +0000 +0000,1,1,1,AF 334,Watches,Casio Men Watch,Ex521 (Efv-600L-2Avudf) Edifice Analog Watch - For Men,8495,8410
41,2021-11-16 17:00:00 +0000 +0000,2021-11-17 17:00:00 +0000 +0000,1,1,1,AF 1990,Furniture & Fixtures,4Homez /Kids Study Table,4Homez Multipurpose Kids Study Table,6299,6236
42,2021-11-17 01:00:00 +0000 +0000,2021-11-18 01:00:00 +0000 +0000,1,1,1,AF 1272,Furniture & Fixtures,Cello Drawers,Cello Plastic Free Standing Chest of Drawers,8000,7920
42,2021-11-17 01:00:00 +0000 +0000,2021-11-18 01:00:00 +0000 +0000,1,1,1,AF 1462,Home Appliances,Inalsa Chimney,Inalsa Kwid 60 BKBF Wall Mounted Chimney,7490,7415
42,2021-11-17 01:00:00 +0000 +0000,2021-11-18 01:00:00 +0000 +0000,1,1,1,AF 169,Audio & Speakers,Jbl Bluetooth Speakers,Jbl Flip Essential Ipx7 Waterproof 16 W Bluetooth Speaker,5499,5444
42,2021-11-17 01:00:00 +0000 +0000,2021-11-18 01:00:00 +0000 +0000,1,1,1,AF 1203,Home Appliances,Nilkamal Computer Desk,Nilkamal Zenith Engineered Wood Computer Desk (Straight),9000,8910
42,2021-11-17 01:00:00 +0000 +0000,2021-11-18 01:00:00 +0000 +0000,1,1,1,AF 1658,Home Appliances,Onida Microwave Oven,ONIDA 20 L Grill Microwave Oven,5590,5534
42,2021-11-17 01:00:00 +0000 +0000,2021-11-18 01:00:00 +0000 +0000,1,1,1,AF 1755,Home Appliances,Shori Fogger,SHoRI TORPEDO SUPER FOGGER 2 L Hand Held Sprayer,7800,7722
42,2021-11-17 01:00:00 +0000 +0000,2021-11-18 01:00:00 +0000 +0000,1,1,1,AF 290,Home Appliances,Bajaj Juicer,"Bajaj  Majesty 400 W Juicer (1 Jar, Black)",6640,6573
42,2021-11-17 01:00:00 +0000 +0000,2021-11-18 01:00:00 +0000 +0000,1,1,1,AF 116,Audio & Speakers,Jbl Speaker,Jbl Flip 3 Stealth Edition,7999,7919
42,2021-11-17 01:00:00 +0000 +0000,2021-11-18 01:00:00 +0000 +0000,1,1,1,AF 1202,Home Appliances,Bluewud Study Table,BLUEWUD Mallium Engineered Wood Study Table (Free Standing),6299,6236
42,2021-11-17 01:00:00 +0000 +0000,2021-11-18 01:00:00 +0000 +0000,1,1,1,AF 1765,Home Appliances,Torpedo Sprayer,Torpedo TMGF2L 2 L Hand Held Sprayer,8000,7920
43,2021-11-17 09:00:00 +0000 +0000,2021-11-18 09:00:00 +0000 +0000,1,1,1,AF 1031,Sports / Games & Toys,Evoke Ojas Exercise Bike,Evoke Ojas -110 Exercise Cycle with Moving Handles for Home Gym at Home,6499,6434
43,2021-11-17 09:00:00 +0000 +0000,2021-11-18 09:00:00 +0000 +0000,1,1,1,AF 782,Camera & Photography,Sjcam Gimbal,Sjcam Sj-Gimbal 2 3 Axis Gimbal,7938,7858
43,2021-11-17 09:00:00 +0000 +0000,2021-11-18 09:00:00 +0000 +0000,1,1,1,AF 1528,Home Appliances,Exide Inverter,EXIDE MAGIC825 Magic825 Square Wave Inverter,5750,5692
43,2021-11-17 09:00:00 +0000 +0000,2021-11-18 09:00:00 +0000 +0000,1,1,1,AF 1054,Furniture & Fixtures,Sekar Lifestyle Sofa,Sekar Lifestyle Home & Office Series Leatherette Sofa,6000,5940
43,2021-11-17 09:00:00 +0000 +0000,2021-11-18 09:00:00 +0000 +0000,1,1,1,AF 1475,Home Appliances,Pigeon Chimney,Pigeon 12415 Wall Mounted Chimney,9308,9214
43,2021-11-17 09:00:00 +0000 +0000,2021-11-18 09:00:00 +0000 +0000,1,1,1,AF 1023,Sports / Games & Toys,Reach Exercise Bike,Reach Exercise Cycle With Moving Handles & Adjustable Cushioned Seat,6999,6929
43,2021-11-17 09:00:00 +0000 +0000,2021-11-18 09:00:00 +0000 +0000,1,1,1,AF 1303,Audio & Speakers,Jbl Sound Bar,JBL Moviebar 80 Dolby Digital 110 W Bluetooth Soundbar,8999,8909
43,2021-11-17 09:00:00 +0000 +0000,2021-11-18 09:00:00 +0000 +0000,1,1,1,AF 1555,Furniture & Fixtures,Flo Mattress,"Flo Ortho High Foam Mattress, 72x60x6 Inches (Queen)",8591,8505
43,2021-11-17 09:00:00 +0000 +0000,2021-11-18 09:00:00 +0000 +0000,1,1,1,AF 1795,Furniture & Fixtures,Luvlap Wooden Cot,LuvLap C-10 Baby Wooden Cot,8999,8909
43,2021-11-17 09:00:00 +0000 +0000,2021-11-18 09:00:00 +0000 +0000,1,1,1,AF 356,Furniture & Fixtures,Kapoor Wall Lamp,Kapoor E Illuminations Wallchiere Wall Lamp Walkewbra10839,7895,7816
44,2021-11-17 17:00:00 +0000 +0000,2021-11-18 17:00:00 +0000 +0000,1,1,1,1116,Health Appliances,FETAL DOPPLER,Dr. Odin fetal Doppler,6999,6929
44,2021-11-17 17:00:00 +0000 +0000,2021-11-18 17:00:00 +0000 +0000,1,1,1,AF 1213,Home Appliances,Featherlite Office Table,Featherlite Flip foldable Wood Office Table,9265,9172
44,2021-11-17 17:00:00 +0000 +0000,2021-11-18 17:00:00 +0000 +0000,1,1,1,AF 698,Home Appliances,Voltas Air Purifier,Voltas Vap26Two Portable Room Air Purifier,8450,8365
44,2021-11-17 17:00:00 +0000 +0000,2021-11-18 17:00:00 +0000 +0000,1,1,1,AF 705,Electronics,Rodex Projector,"Rodex Uc40 Has Hdmi, Av, Usb Ports Projector",5999,5939
44,2021-11-17 17:00:00 +0000 +0000,2021-11-18 17:00:00 +0000 +0000,1,1,1,AF 182,ACs & Coolers,Bajaj Air Cooler,Bajaj 54 L Desert Air Cooler,8999,8909
44,2021-11-17 17:00:00 +0000 +0000,2021-11-18 17:00:00 +0000 +0000,1,1,1,AF 1949,Furniture & Fixtures,Yipi Frozen Smart/Storage Bed,Yipi Frozen Smart Box Storage Bed,7961,7881
44,2021-11-17 17:00:00 +0000 +0000,2021-11-18 17:00:00 +0000 +0000,1,1,1,AF 1241,Audio & Speakers,Samsung Soundbar,SAMSUNG Wireless Subwoofer 200 W Bluetooth Soundbar,8499,8414
44,2021-11-17 17:00:00 +0000 +0000,2021-11-18 17:00:00 +0000 +0000,1,1,1,AF 1943,Home Appliances,Falcon Lawn Mower,FALCON EASY 28 EASY 28 Manual Push Lawn Mower (12 inch),5199,5147
44,2021-11-17 17:00:00 +0000 +0000,2021-11-18 17:00:00 +0000 +0000,1,1,1,AF 1300,Furniture & Fixtures,Suncrown Furniture Book Shelf,Suncrown Furniture Wood Open Book Shelf,9999,9899
44,2021-11-17 17:00:00 +0000 +0000,2021-11-18 17:00:00 +0000 +0000,1,1,1,292,Home Furnishing,Bedsheet Combo Set,Jaipuri Heritage Pack of 5 Cotton Bedsheets with 10 Pillow Covers,5200,5148
45,2021-11-18 01:00:00 +0000 +0000,2021-11-19 01:00:00 +0000 +0000,1,1,1,AF 832,Furnishing & Linen,Regal Carpet,Regal Carpet Handmade Microfiber Shaggy Carpet,9999,9899
45,2021-11-18 01:00:00 +0000 +0000,2021-11-19 01:00:00 +0000 +0000,1,1,1,AF 1024,Sports / Games & Toys,Sparnod Exercise Bike,Sparnod Fitness SAB-05 Air Bike Exercise Cycle for Home Gym,8332,8248
45,2021-11-18 01:00:00 +0000 +0000,2021-11-19 01:00:00 +0000 +0000,1,1,1,AF 1777,Home Appliances,Digital Craft Planer,Digital Craft Powerful Electric Wood Hand Planer,5999,5939
45,2021-11-18 01:00:00 +0000 +0000,2021-11-19 01:00:00 +0000 +0000,1,1,1,AF 188,Home Appliances,Livpure Purifier,Libpure Pep Pro Star 7 L Ro Uv Uf Minerals Water Purifier,9499,9404
45,2021-11-18 01:00:00 +0000 +0000,2021-11-19 01:00:00 +0000 +0000,1,1,1,AF 1993,Furniture & Fixtures,Alex Daisy Pluto /Desk Chair,Alex Daisy Pluto Plastic Desk Chair (Finish Color - Pink),8950,8860
45,2021-11-18 01:00:00 +0000 +0000,2021-11-19 01:00:00 +0000 +0000,1,1,1,AF 1233,Audio & Speakers,Infinity Home Theatre,INFINITY by Harman Hardrock Bluetooth Home Theatre,8499,8414
45,2021-11-18 01:00:00 +0000 +0000,2021-11-19 01:00:00 +0000 +0000,1,1,1,AF 168,Audio & Speakers,Boat Bluetooth Soundbaar,"Boat Aavante Bar 1200 80 W Bluetooth Soundbar (Premium Black, 2.1 Channel)",6299,6236
45,2021-11-18 01:00:00 +0000 +0000,2021-11-19 01:00:00 +0000 +0000,1,1,1,AF 224,Home Appliances,Black Decker OTG,Black & Decker 19L Oven Toaster Grill,5995,5935
45,2021-11-18 01:00:00 +0000 +0000,2021-11-19 01:00:00 +0000 +0000,1,1,1,AF 1961,Furniture & Fixtures,Sleepx Foam Mattress,SleepX Medium Soft 6 inch Foam Mattress,8529,8443
45,2021-11-18 01:00:00 +0000 +0000,2021-11-19 01:00:00 +0000 +0000,1,1,1,AF 103,Audio & Speakers,Boat Speaker,Boat Stone 1400 Mini 18 W,6990,6920
46,2021-11-18 09:00:00 +0000 +0000,2021-11-19 09:00:00 +0000 +0000,1,1,1,AF 1537,Home Appliances,Lifelong Air Cooler,Lifelong 65 L Desert Air Cooler,8971,8881
46,2021-11-18 09:00:00 +0000 +0000,2021-11-19 09:00:00 +0000 +0000,1,1,1,AF 562,Curios & Decorations,Mad Master Paintings,Mad Masters Lion With Family Modern Abstract Painting In Multiple Frames,5000,4950
46,2021-11-18 09:00:00 +0000 +0000,2021-11-19 09:00:00 +0000 +0000,1,1,1,AF 1545,Home Appliances,Thompson Air Cooler,Thomson 90 L Desert Air Cooler,9643,9546
46,2021-11-18 09:00:00 +0000 +0000,2021-11-19 09:00:00 +0000 +0000,1,1,1,AF 1690,Furniture & Fixtures,Nilkamal Coffee Table,Nilkamal Zina Wood Coffee Table,7200,7128
46,2021-11-18 09:00:00 +0000 +0000,2021-11-19 09:00:00 +0000 +0000,1,1,1,AF 1279,Furniture & Fixtures,Home Full Cabinet,Home Full Wood Cabinet,7699,7622
46,2021-11-18 09:00:00 +0000 +0000,2021-11-19 09:00:00 +0000 +0000,1,1,1,AF 776,Camera & Photography,Kodak Gimbal,Kodak Xd1 Smartphone Gimbal 3 Axis Gimbal,7386,7312
46,2021-11-18 09:00:00 +0000 +0000,2021-11-19 09:00:00 +0000 +0000,1,1,1,AF 1826,Furniture & Fixtures,Furniturekraft Osaka /Kid Bed,FurnitureKraft Osaka Metal Single Bed (Finish Color - Black),5499,5444
46,2021-11-18 09:00:00 +0000 +0000,2021-11-19 09:00:00 +0000 +0000,1,1,1,AF 731,Home Appliances,Nasaka Air Purifier,Nasaka Zest Portable Room Air Purifier,9999,9899
46,2021-11-18 09:00:00 +0000 +0000,2021-11-19 09:00:00 +0000 +0000,1,1,1,AF 1208,Home Appliances,Innofur Computer Desk,InnoFur Trapezi Beige Engineered Wood Computer Desk (Modular),5999,5939
46,2021-11-18 09:00:00 +0000 +0000,2021-11-19 09:00:00 +0000 +0000,1,1,1,AF 380,Furnishing & Linen,Bombay Dyeing Blanket,Bombay Dyeing Floral Single Mink Blanket,5440,5385
47,2021-11-18 17:00:00 +0000 +0000,2021-11-19 17:00:00 +0000 +0000,1,1,1,AF 1277,Furniture & Fixtures,The Collectori Drawers,The Collectori Wood Drawers,8000,7920
47,2021-11-18 17:00:00 +0000 +0000,2021-11-19 17:00:00 +0000 +0000,1,1,1,AF 1449,Home Appliances,Faber Hood Chimney,Faber Hood Class Plus PB BK LTW 60 Wall Mounted Chimney,6490,6425
47,2021-11-18 17:00:00 +0000 +0000,2021-11-19 17:00:00 +0000 +0000,1,1,1,AF 1761,Home Appliances,Eagrocare Sprayer,Eagrocare EAC-767HB-4S 25 L Backpack Sprayer (Pack of 1),9999,9899
47,2021-11-18 17:00:00 +0000 +0000,2021-11-19 17:00:00 +0000 +0000,1,1,1,AF 1600,Furniture & Fixtures,Induscraft Dressing Mirror,induscraft standard dressing mirror,6800,6732
47,2021-11-18 17:00:00 +0000 +0000,2021-11-19 17:00:00 +0000 +0000,1,1,1,AF 710,Electronics,Myra Projector,Myra C80 Android Project,9499,9404
47,2021-11-18 17:00:00 +0000 +0000,2021-11-19 17:00:00 +0000 +0000,1,1,1,AF 1465,Home Appliances,Surya Chimney,SURYA Ex 1050 Disco Auto Clean Wall Mounted Chimney,8949,8859
47,2021-11-18 17:00:00 +0000 +0000,2021-11-19 17:00:00 +0000 +0000,1,1,1,AF 877,Curios & Decorations,La Jolie Muse Statue,La Jolie Muse Garden Statue Outdoor  Figurines Turtles On A Log,6950,6880
47,2021-11-18 17:00:00 +0000 +0000,2021-11-19 17:00:00 +0000 +0000,1,1,1,AF 1579,Furniture & Fixtures,Hudson Wardrobe,"Hudson's Wardrobe with Mirror, Drawers & Double Doors",8790,8702
47,2021-11-18 17:00:00 +0000 +0000,2021-11-19 17:00:00 +0000 +0000,1,1,1,AF 1460,Home Appliances,Kaff Elf Chimney,Kaff ELF DHC 60 Auto Clean Wall Mounted Chimney,8799,8711
47,2021-11-18 17:00:00 +0000 +0000,2021-11-19 17:00:00 +0000 +0000,1,1,1,AF 1783,Furniture & Fixtures,Adona Wood Study Table,Adona Utopia Extendable Student Desk-n-Chair Study Table,7999,7919
